accountsservice	0.6.55-0ubuntu12~20.04.7
acl	2.2.53-6
acpi-support	0.143
acpid	1:2.0.32-1ubuntu1
adduser	3.118ubuntu2
adwaita-icon-theme	3.36.1-2ubuntu0.20.04.2
alsa-base	1.0.25+dfsg-0ubuntu5
alsa-topology-conf	1.2.2-1
alsa-ucm-conf	1.2.2-1ubuntu0.13
alsa-utils	1.2.2-1ubuntu2.1
amd64-microcode	3.20191218.1ubuntu1.2
anacron	2.3-29
apg	2.2.3.dfsg.1-5
app-install-data-partner	19.04
apparmor	2.13.3-7ubuntu5.1
apport	2.20.11-0ubuntu27.26
apport-gtk	2.20.11-0ubuntu27.26
apport-symptoms	0.23
appstream	0.12.10-2
apt	2.0.9
apt-config-icons	0.12.10-2
apt-config-icons-hidpi	0.12.10-2
apt-utils	2.0.9
aptdaemon	1.1.1+bzr982-0ubuntu32.3
aptdaemon-data	1.1.1+bzr982-0ubuntu32.3
aptitude	0.8.12-1ubuntu4
aptitude-common	0.8.12-1ubuntu4
apturl	0.5.2ubuntu19
apturl-common	0.5.2ubuntu19
aspell	0.60.8-1ubuntu0.1
aspell-en	2018.04.16-0-1
at-spi2-core	2.36.0-2
autoconf	2.69-11.1
automake	1:1.16.1-4ubuntu6
autopoint	0.19.8.1-10build1
autotools-dev	20180224.1
avahi-autoipd	0.7-4ubuntu7.3
avahi-daemon	0.7-4ubuntu7.3
avahi-utils	0.7-4ubuntu7.3
base-files	11ubuntu5.7
base-passwd	3.5.47
bash	5.0-6ubuntu1.2
bash-completion	1:2.10-1ubuntu1
bc	1.07.1-2build1
bind9-dnsutils	1:9.16.48-0ubuntu0.20.04.1
bind9-host	1:9.16.48-0ubuntu0.20.04.1
bind9-libs:amd64	1:9.16.48-0ubuntu0.20.04.1
binfmt-support	2.2.0-2
binutils	2.34-6ubuntu1.9
binutils-common:amd64	2.34-6ubuntu1.9
binutils-x86-64-linux-gnu	2.34-6ubuntu1.9
blt	2.5.3+dfsg-4
bluez	5.53-0ubuntu3.7
bluez-cups	5.53-0ubuntu3.7
bluez-obexd	5.53-0ubuntu3.7
bolt	0.9.1-2~ubuntu20.04.1
brltty	6.0+dfsg-4ubuntu6
bsdmainutils	11.1.2ubuntu3
bsdutils	1:2.34-0.1ubuntu9.6
bubblewrap	0.4.0-1ubuntu4
build-essential	12.8ubuntu1.1
busybox-initramfs	1:1.30.1-4ubuntu6.4
busybox-static	1:1.30.1-4ubuntu6.4
bzip2	1.0.8-2
bzip2-doc	1.0.8-2
ca-certificates	20230311ubuntu0.20.04.1
ca-certificates-java	20190405ubuntu1.1
can-utils	2018.02.0-1ubuntu1
casper	1.445.3
cheese	3.34.0-1ubuntu1
cheese-common	3.34.0-1ubuntu1
cifs-utils	2:6.9-1ubuntu0.2
cmake	3.16.3-1ubuntu1.20.04.1
cmake-data	3.16.3-1ubuntu1.20.04.1
code	1.88.1-1712771838
colord	1.4.4-2
colord-data	1.4.4-2
comerr-dev:amd64	2.1-1.45.5-2ubuntu1.1
command-not-found	20.04.6
console-setup	1.194ubuntu3
console-setup-linux	1.194ubuntu3
coreutils	8.30-3ubuntu2
cpio	2.13+dfsg-2ubuntu0.3
cpp	4:9.3.0-1ubuntu2
cpp-8	8.4.0-3ubuntu2
cpp-9	9.4.0-1ubuntu1~20.04.2
cracklib-runtime	2.9.6-3.2
crda	3.18-1build1
cron	3.0pl1-136ubuntu1
cuda-cccl-12-8	12.8.90-1
cuda-command-line-tools-12-8	12.8.1-1
cuda-compiler-12-8	12.8.1-1
cuda-crt-12-8	12.8.93-1
cuda-cudart-12-8	12.8.90-1
cuda-cudart-dev-12-8	12.8.90-1
cuda-cuobjdump-12-8	12.8.90-1
cuda-cupti-12-8	12.8.90-1
cuda-cupti-dev-12-8	12.8.90-1
cuda-cuxxfilt-12-8	12.8.90-1
cuda-documentation-12-8	12.8.90-1
cuda-driver-dev-12-8	12.8.90-1
cuda-gdb-12-8	12.8.90-1
cuda-keyring	1.1-1
cuda-libraries-12-8	12.8.1-1
cuda-libraries-dev-12-8	12.8.1-1
cuda-nsight-12-8	12.8.90-1
cuda-nsight-compute-12-8	12.8.1-1
cuda-nsight-systems-12-8	12.8.1-1
cuda-nvcc-12-8	12.8.93-1
cuda-nvdisasm-12-8	12.8.90-1
cuda-nvml-dev-12-8	12.8.90-1
cuda-nvprof-12-8	12.8.90-1
cuda-nvprune-12-8	12.8.90-1
cuda-nvrtc-12-8	12.8.93-1
cuda-nvrtc-dev-12-8	12.8.93-1
cuda-nvtx-12-8	12.8.90-1
cuda-nvvm-12-8	12.8.93-1
cuda-nvvp-12-8	12.8.93-1
cuda-opencl-12-8	12.8.90-1
cuda-opencl-dev-12-8	12.8.90-1
cuda-profiler-api-12-8	12.8.90-1
cuda-sanitizer-12-8	12.8.93-1
cuda-toolkit-12-8	12.8.1-1
cuda-toolkit-12-8-config-common	12.8.90-1
cuda-toolkit-12-config-common	12.9.79-1
cuda-toolkit-config-common	12.9.79-1
cuda-tools-12-8	12.8.1-1
cuda-visual-tools-12-8	12.8.1-1
cups	2.3.1-9ubuntu1.6
cups-browsed	1.27.4-1ubuntu0.2
cups-bsd	2.3.1-9ubuntu1.6
cups-client	2.3.1-9ubuntu1.6
cups-common	2.3.1-9ubuntu1.6
cups-core-drivers	2.3.1-9ubuntu1.6
cups-daemon	2.3.1-9ubuntu1.6
cups-filters	1.27.4-1ubuntu0.2
cups-filters-core-drivers	1.27.4-1ubuntu0.2
cups-ipp-utils	2.3.1-9ubuntu1.6
cups-pk-helper	0.2.6-1ubuntu3
cups-ppdc	2.3.1-9ubuntu1.6
cups-server-common	2.3.1-9ubuntu1.6
curl	7.68.0-1ubuntu2.25
cython3	0.29.14-0.1ubuntu3
dash	0.5.10.2-6
dbus	1.12.16-2ubuntu2.3
dbus-user-session	1.12.16-2ubuntu2.3
dbus-x11	1.12.16-2ubuntu2.3
dc	1.07.1-2build1
dconf-cli	0.36.0-1
dconf-gsettings-backend:amd64	0.36.0-1
dconf-service	0.36.0-1
dctrl-tools	2.24-3
debconf	1.5.73
debconf-i18n	1.5.73
debhelper	12.10ubuntu1
debianutils	4.9.1
default-jre	2:1.11-72
default-jre-headless	2:1.11-72
default-libmysqlclient-dev:amd64	1.0.5ubuntu2
desktop-file-utils	0.24-1ubuntu3
dh-autoreconf	19
dh-strip-nondeterminism	1.7.0-1
dictionaries-common	1.28.1
diffutils	1:3.7-3
dirmngr	2.2.19-3ubuntu2.2
distro-info	0.23ubuntu1
distro-info-data	0.43ubuntu1.11
dkms	2.8.1-5ubuntu2
dmidecode	3.2-3
dmsetup	2:1.02.167-1ubuntu1
dmz-cursor-theme	0.4.5ubuntu1
dns-root-data	2019052802
dnsmasq-base	2.90-0ubuntu0.20.04.1
docbook-xml	4.5-9
docutils-common	0.16+dfsg-2
dosfstools	4.1-2
dpkg	1.19.7ubuntu3.2
dpkg-dev	1.19.7ubuntu3.2
dwz	0.13-5
e2fsprogs	1.45.5-2ubuntu1.1
ed	1.16-1
efibootmgr	17-1
eject	2.1.5+deb1+cvs20081104-14
emacsen-common	3.0.4
enchant-2	2.2.8-1ubuntu0.20.04.1
eog	3.36.3-0ubuntu1
espeak-ng-data:amd64	1.50+dfsg-6
ethtool	1:5.4-1
evemu-tools	2.7.0-2
evince	3.36.10-0ubuntu1
evince-common	3.36.10-0ubuntu1
evolution-data-server	3.36.5-0ubuntu1
evolution-data-server-common	3.36.5-0ubuntu1
evtest	1:1.34-1
fakeroot	1.24-1
fcitx	1:4.2.9.7-3
fcitx-bin	1:4.2.9.7-3
fcitx-config-common	0.4.10-3
fcitx-config-gtk	0.4.10-3
fcitx-data	1:4.2.9.7-3
fcitx-frontend-all	1:4.2.9.7-3
fcitx-frontend-gtk2	1:4.2.9.7-3
fcitx-frontend-gtk3	1:4.2.9.7-3
fcitx-frontend-qt5:amd64	1.2.4-1build2
fcitx-module-dbus	1:4.2.9.7-3
fcitx-module-kimpanel	1:4.2.9.7-3
fcitx-module-lua	1:4.2.9.7-3
fcitx-module-x11	1:4.2.9.7-3
fcitx-modules	1:4.2.9.7-3
fcitx-ui-classic	1:4.2.9.7-3
fcitx5-module-quickphrase-editor:amd64	1.2.4-1build2
fdisk	2.34-0.1ubuntu9.6
ffmpeg	7:4.2.7-0ubuntu0.1
file	1:5.38-4
file-roller	3.36.3-0ubuntu1.1
finalrd	6~ubuntu20.04.1
findutils	4.7.0-1ubuntu1
firefox	124.0.2+build1-0ubuntu0.20.04.1
firefox-locale-en	124.0.2+build1-0ubuntu0.20.04.1
firefox-locale-zh-hans	124.0.2+build1-0ubuntu0.20.04.1
fltk1.3-doc	1.3.4-10build1
fluid	1.3.4-10build1
fontconfig	2.13.1-2ubuntu3
fontconfig-config	2.13.1-2ubuntu3
fonts-arphic-ukai	0.2.20080216.2-5
fonts-arphic-uming	0.2.20080216.2-10ubuntu2
fonts-beng	2:1.2
fonts-beng-extra	1.0-7
fonts-dejavu-core	2.37-1
fonts-dejavu-extra	2.37-1
fonts-deva	2:1.2
fonts-deva-extra	3.0-5
fonts-droid-fallback	1:6.0.1r16-1.1
fonts-freefont-ttf	20120503-10
fonts-gargi	2.0-4
fonts-gubbi	1.3-3
fonts-gujr	2:1.3
fonts-gujr-extra	1.0.1-1
fonts-guru	2:1.2
fonts-guru-extra	2.0-5
fonts-indic	2:1.3
fonts-kacst	2.01+mry-14
fonts-kacst-one	5.0+svn11846-10
fonts-kalapi	1.0-3
fonts-khmeros-core	5.0-7ubuntu1
fonts-knda	2:1.2
fonts-lao	0.0.20060226-9ubuntu1
fonts-lato	2.0-2
fonts-liberation	1:1.07.4-11
fonts-liberation2	2.1.0-1
fonts-lklug-sinhala	0.6-3
fonts-lohit-beng-assamese	2.91.5-1
fonts-lohit-beng-bengali	2.91.5-1
fonts-lohit-deva	2.95.4-4
fonts-lohit-gujr	2.92.4-4
fonts-lohit-guru	2.91.2-1
fonts-lohit-knda	2.5.4-2
fonts-lohit-mlym	2.92.2-1
fonts-lohit-orya	2.91.2-1
fonts-lohit-taml	2.91.3-1
fonts-lohit-taml-classical	2.5.4-1
fonts-lohit-telu	2.5.5-1
fonts-lyx	2.3.4.2-2
fonts-mlym	2:1.2
fonts-nakula	1.0-3
fonts-navilu	1.2-2
fonts-noto-cjk	1:20190410+repack1-2
fonts-noto-color-emoji	0~20200916-1~ubuntu20.04.1
fonts-noto-mono	20200323-1build1~ubuntu20.04.1
fonts-opensymbol	2:102.11+LibO6.4.7-0ubuntu0.20.04.9
fonts-orya	2:1.2
fonts-orya-extra	2.0-6
fonts-pagul	1.0-7
fonts-sahadeva	1.0-4
fonts-samyak-deva	1.2.2-4
fonts-samyak-gujr	1.2.2-4
fonts-samyak-mlym	1.2.2-4
fonts-samyak-taml	1.2.2-4
fonts-sarai	1.0-2
fonts-sil-abyssinica	2.000-1
fonts-sil-padauk	4.000-1
fonts-smc	1:7.1
fonts-smc-anjalioldlipi	7.1.2-1
fonts-smc-chilanka	1.400-1
fonts-smc-dyuthi	3.0.2-1
fonts-smc-gayathri	1.100-1
fonts-smc-karumbi	1.1.2-1
fonts-smc-keraleeyam	3.0.2-1
fonts-smc-manjari	1.710-1
fonts-smc-meera	7.0.3-1
fonts-smc-rachana	7.0.2-1
fonts-smc-raghumalayalamsans	2.2.1-1
fonts-smc-suruma	3.2.3-1
fonts-smc-uroob	2.0.2-1
fonts-taml	2:1.3
fonts-telu	2:1.2
fonts-telu-extra	2.0-4
fonts-thai-tlwg	1:0.7.1-3
fonts-tibetan-machine	1.901b-5
fonts-tlwg-garuda	1:0.7.1-3
fonts-tlwg-garuda-ttf	1:0.7.1-3
fonts-tlwg-kinnari	1:0.7.1-3
fonts-tlwg-kinnari-ttf	1:0.7.1-3
fonts-tlwg-laksaman	1:0.7.1-3
fonts-tlwg-laksaman-ttf	1:0.7.1-3
fonts-tlwg-loma	1:0.7.1-3
fonts-tlwg-loma-ttf	1:0.7.1-3
fonts-tlwg-mono	1:0.7.1-3
fonts-tlwg-mono-ttf	1:0.7.1-3
fonts-tlwg-norasi	1:0.7.1-3
fonts-tlwg-norasi-ttf	1:0.7.1-3
fonts-tlwg-purisa	1:0.7.1-3
fonts-tlwg-purisa-ttf	1:0.7.1-3
fonts-tlwg-sawasdee	1:0.7.1-3
fonts-tlwg-sawasdee-ttf	1:0.7.1-3
fonts-tlwg-typewriter	1:0.7.1-3
fonts-tlwg-typewriter-ttf	1:0.7.1-3
fonts-tlwg-typist	1:0.7.1-3
fonts-tlwg-typist-ttf	1:0.7.1-3
fonts-tlwg-typo	1:0.7.1-3
fonts-tlwg-typo-ttf	1:0.7.1-3
fonts-tlwg-umpush	1:0.7.1-3
fonts-tlwg-umpush-ttf	1:0.7.1-3
fonts-tlwg-waree	1:0.7.1-3
fonts-tlwg-waree-ttf	1:0.7.1-3
fonts-ubuntu	0.83-4ubuntu1
fonts-urw-base35	20170801.1-3
fonts-wqy-microhei	0.2.0-beta-3
fonts-wqy-zenhei	0.9.45-7ubuntu1
fonts-yrsa-rasa	1.002-2
foomatic-db-compressed-ppds	20200401-1
fprintd	1.90.9-1~ubuntu20.04.1
freeglut3:amd64	2.8.1-3
freeglut3-dev:amd64	2.8.1-3
friendly-recovery	0.2.41ubuntu0.20.04.1
ftp	0.17-34.1
fuse	2.9.9-3
fwupd	1.7.9-1~20.04.1
fwupd-signed	1.51~20.04.1+1.2-3ubuntu0.2
g++	4:9.3.0-1ubuntu2
g++-9	9.4.0-1ubuntu1~20.04.2
gamemode	1.5.1-0ubuntu3.1
gazebo11	11.11.0-1~focal
gazebo11-common	11.11.0-1~focal
gazebo11-plugin-base	11.11.0-1~focal
gcc	4:9.3.0-1ubuntu2
gcc-10-base:amd64	10.5.0-1ubuntu1~20.04
gcc-10-base:i386	10.5.0-1ubuntu1~20.04
gcc-8	8.4.0-3ubuntu2
gcc-8-base:amd64	8.4.0-3ubuntu2
gcc-9	9.4.0-1ubuntu1~20.04.2
gcc-9-base:amd64	9.4.0-1ubuntu1~20.04.2
gconf-service	3.2.6-6ubuntu1
gconf-service-backend	3.2.6-6ubuntu1
gconf2-common	3.2.6-6ubuntu1
gcr	3.36.0-2build1
gdal-data	3.0.4+dfsg-1build3
gdb	9.2-0ubuntu1~20.04.1
gdbserver	9.2-0ubuntu1~20.04.1
gdisk	1.0.5-1
gdm3	3.36.3-0ubuntu0.20.04.4
gds-tools-12-8	1.13.1.3-1
gedit	3.36.2-0ubuntu1
gedit-common	3.36.2-0ubuntu1
genisoimage	9:1.1.11-3.1ubuntu1
geoclue-2.0	2.5.6-0ubuntu1
gettext	0.19.8.1-10build1
gettext-base	0.19.8.1-10build1
gfortran	4:9.3.0-1ubuntu2
gfortran-8	8.4.0-3ubuntu2
gfortran-9	9.4.0-1ubuntu1~20.04.2
ghostscript	9.50~dfsg-5ubuntu4.11
ghostscript-x	9.50~dfsg-5ubuntu4.11
gir1.2-accountsservice-1.0	0.6.55-0ubuntu12~20.04.7
gir1.2-atk-1.0:amd64	2.35.1-1ubuntu2
gir1.2-atspi-2.0:amd64	2.36.0-2
gir1.2-clutter-1.0:amd64	1.26.4+dfsg-1
gir1.2-clutter-gst-3.0:amd64	3.0.27-1
gir1.2-cogl-1.0:amd64	1.22.6-1
gir1.2-coglpango-1.0:amd64	1.22.6-1
gir1.2-dbusmenu-glib-0.4:amd64	16.04.1+18.10.20180917-0ubuntu6
gir1.2-dee-1.0	1.2.7+17.10.20170616-4ubuntu6
gir1.2-freedesktop:amd64	1.64.1-1~ubuntu20.04.1
gir1.2-gck-1:amd64	3.36.0-2build1
gir1.2-gcr-3:amd64	3.36.0-2build1
gir1.2-gdesktopenums-3.0:amd64	3.36.0-1ubuntu1
gir1.2-gdkpixbuf-2.0:amd64	2.40.0+dfsg-3ubuntu0.4
gir1.2-gdm-1.0:amd64	3.36.3-0ubuntu0.20.04.4
gir1.2-geoclue-2.0:amd64	2.5.6-0ubuntu1
gir1.2-glib-2.0:amd64	1.64.1-1~ubuntu20.04.1
gir1.2-gmenu-3.0:amd64	3.36.0-1ubuntu1
gir1.2-gnomebluetooth-1.0:amd64	3.34.3-0ubuntu1
gir1.2-gnomedesktop-3.0:amd64	3.36.8-0ubuntu1
gir1.2-goa-1.0:amd64	3.36.1-0ubuntu1
gir1.2-graphene-1.0:amd64	1.10.0-1build2
gir1.2-gst-plugins-base-1.0:amd64	1.16.3-0ubuntu1.2
gir1.2-gstreamer-1.0:amd64	1.16.3-0ubuntu1.1
gir1.2-gtk-2.0:amd64	2.24.32-4ubuntu4
gir1.2-gtk-3.0:amd64	3.24.20-0ubuntu1.1
gir1.2-gtkclutter-1.0:amd64	1.8.4-4
gir1.2-gtksource-4:amd64	4.6.0-1
gir1.2-gweather-3.0:amd64	3.36.1-1~ubuntu20.04.1
gir1.2-harfbuzz-0.0:amd64	2.6.4-1ubuntu4.2
gir1.2-ibus-1.0:amd64	1.5.22-2ubuntu2.1
gir1.2-javascriptcoregtk-4.0:amd64	2.38.6-0ubuntu0.20.04.1
gir1.2-json-1.0:amd64	1.4.4-2ubuntu2
gir1.2-keybinder-3.0	0.3.2-1ubuntu1
gir1.2-mutter-6:amd64	3.36.9-0ubuntu0.20.04.2
gir1.2-nm-1.0:amd64	1.22.10-1ubuntu2.4
gir1.2-nma-1.0:amd64	1.8.24-1ubuntu3
gir1.2-notify-0.7:amd64	0.7.9-1ubuntu3.20.04.2
gir1.2-packagekitglib-1.0	1.1.13-2ubuntu1.1
gir1.2-pango-1.0:amd64	1.44.7-2ubuntu4
gir1.2-peas-1.0:amd64	1.26.0-2
gir1.2-polkit-1.0	0.105-26ubuntu1.3
gir1.2-rsvg-2.0:amd64	2.48.9-1ubuntu0.20.04.4
gir1.2-secret-1:amd64	0.20.4-0ubuntu1
gir1.2-snapd-1:amd64	1.58-0ubuntu0.20.04.0
gir1.2-soup-2.4:amd64	2.70.0-1
gir1.2-unity-5.0:amd64	7.1.4+19.04.20190319-0ubuntu3
gir1.2-upowerglib-1.0:amd64	0.99.11-1build2
gir1.2-vte-2.91:amd64	0.60.3-0ubuntu1~20.04
gir1.2-webkit2-4.0:amd64	2.38.6-0ubuntu0.20.04.1
gir1.2-wnck-3.0:amd64	3.36.0-1
git	1:2.25.1-1ubuntu3.14
git-lfs	2.9.2-1
git-man	1:2.25.1-1ubuntu3.11
gjs	1.64.5-0ubuntu0.20.04.01
gkbd-capplet	3.26.1-1
glib-networking:amd64	2.64.2-1ubuntu0.1
glib-networking-common	2.64.2-1ubuntu0.1
glib-networking-services	2.64.2-1ubuntu0.1
gnome-accessibility-themes	3.28-1ubuntu1
gnome-bluetooth	3.34.3-0ubuntu1
gnome-calculator	1:3.36.0-1ubuntu1
gnome-characters	3.34.0-1
gnome-control-center	1:3.36.5-0ubuntu4.1
gnome-control-center-data	1:3.36.5-0ubuntu4.1
gnome-control-center-faces	1:3.36.5-0ubuntu4.1
gnome-desktop3-data	3.36.8-0ubuntu1
gnome-disk-utility	3.36.3-0ubuntu1
gnome-font-viewer	3.34.0-2
gnome-getting-started-docs	3.36.2-0ubuntu0.1
gnome-initial-setup	3.36.2-0ubuntu2
gnome-keyring	3.36.0-1ubuntu1
gnome-keyring-pkcs11:amd64	3.36.0-1ubuntu1
gnome-logs	3.34.0-1ubuntu1
gnome-menus	3.36.0-1ubuntu1
gnome-online-accounts	3.36.1-0ubuntu1
gnome-power-manager	3.32.0-2
gnome-screenshot	3.36.0-1ubuntu1
gnome-session-bin	3.36.0-2ubuntu1
gnome-session-canberra	0.30-7ubuntu1
gnome-session-common	3.36.0-2ubuntu1
gnome-settings-daemon	3.36.1-0ubuntu1.1
gnome-settings-daemon-common	3.36.1-0ubuntu1.1
gnome-shell	3.36.9-0ubuntu0.20.04.2
gnome-shell-common	3.36.9-0ubuntu0.20.04.2
gnome-shell-extension-appindicator	33.1-0ubuntu0.20.04.2
gnome-shell-extension-desktop-icons	20.04.0-3~ubuntu20.04.6
gnome-shell-extension-ubuntu-dock	68ubuntu1~20.04.1
gnome-startup-applications	3.36.0-2ubuntu1
gnome-system-monitor	3.36.1-0ubuntu0.20.04.1
gnome-terminal	3.36.2-1ubuntu1~20.04
gnome-terminal-data	3.36.2-1ubuntu1~20.04
gnome-themes-extra:amd64	3.28-1ubuntu1
gnome-themes-extra-data	3.28-1ubuntu1
gnome-user-docs	3.36.2+git20200704-0ubuntu0.1
gnome-user-docs-zh-hans	3.36.2+git20200704-0ubuntu0.1
gnome-video-effects	0.5.0-1ubuntu1
gnupg	2.2.19-3ubuntu2.2
gnupg-l10n	2.2.19-3ubuntu2.2
gnupg-utils	2.2.19-3ubuntu2.2
gnupg2	2.2.19-3ubuntu2.2
google-chrome-stable	123.0.6312.105-1
google-mock:amd64	1.10.0-2
googletest	1.10.0-2
gpg	2.2.19-3ubuntu2.2
gpg-agent	2.2.19-3ubuntu2.2
gpg-wks-client	2.2.19-3ubuntu2.2
gpg-wks-server	2.2.19-3ubuntu2.2
gpgconf	2.2.19-3ubuntu2.2
gpgsm	2.2.19-3ubuntu2.2
gpgv	2.2.19-3ubuntu2.2
graphviz	2.42.2-3build2
grep	3.4-1
groff-base	1.22.4-4build1
grub-common	2.04-1ubuntu26.16
grub-efi-amd64-bin	2.06-2ubuntu14.4
grub-efi-amd64-signed	1.187.6~20.04.1+2.06-2ubuntu14.4
grub-gfxpayload-lists	0.7
grub-pc	2.04-1ubuntu26.16
grub-pc-bin	2.04-1ubuntu26.16
grub2-common	2.04-1ubuntu26.16
gsettings-desktop-schemas	3.36.0-1ubuntu1
gsettings-ubuntu-schemas	0.0.7+17.10.20170922-0ubuntu1
gstreamer1.0-alsa:amd64	1.16.3-0ubuntu1.2
gstreamer1.0-clutter-3.0:amd64	3.0.27-1
gstreamer1.0-gl:amd64	1.16.3-0ubuntu1.2
gstreamer1.0-packagekit	1.1.13-2ubuntu1.1
gstreamer1.0-pipewire:amd64	0.2.7-1
gstreamer1.0-plugins-base:amd64	1.16.3-0ubuntu1.2
gstreamer1.0-plugins-base-apps	1.16.3-0ubuntu1.2
gstreamer1.0-plugins-good:amd64	1.16.3-0ubuntu1.2
gstreamer1.0-pulseaudio:amd64	1.16.3-0ubuntu1.2
gstreamer1.0-tools	1.16.3-0ubuntu1.1
gstreamer1.0-x:amd64	1.16.3-0ubuntu1.2
gtk-update-icon-cache	3.24.20-0ubuntu1.1
gtk2-engines-murrine:amd64	0.98.2-3
gtk2-engines-pixbuf:amd64	2.24.32-4ubuntu4
gvfs:amd64	1.44.1-1ubuntu1.2
gvfs-backends	1.44.1-1ubuntu1.2
gvfs-bin	1.44.1-1ubuntu1.2
gvfs-common	1.44.1-1ubuntu1.2
gvfs-daemons	1.44.1-1ubuntu1.2
gvfs-fuse	1.44.1-1ubuntu1.2
gvfs-libs:amd64	1.44.1-1ubuntu1.2
gyp	0.1+20180428git4d467626-3ubuntu1
gzip	1.10-0ubuntu4.1
hddtemp	0.3-beta15-53
hdf5-helpers	1.10.4+repack-11ubuntu1
hdparm	9.58+ds-4
hicolor-icon-theme	0.17-2
hostname	3.23
hplip	3.20.3+dfsg0-2
hplip-data	3.20.3+dfsg0-2
htop	2.2.0-2build1
humanity-icon-theme	0.6.15
hunspell-en-us	1:2018.04.16-1
i965-va-driver:amd64	2.4.0-0ubuntu1
ibus	1.5.22-2ubuntu2.1
ibus-data	1.5.22-2ubuntu2.1
ibus-gtk:amd64	1.5.22-2ubuntu2.1
ibus-gtk3:amd64	1.5.22-2ubuntu2.1
ibus-libpinyin	1.11.1-3
ibus-table	1.9.25-1
ibus-table-wubi	1.8.2-3
ibverbs-providers:amd64	28.0-1ubuntu1
icu-devtools	66.1-2ubuntu2.1
ignition-tools:amd64	1.5.0-1~focal
iio-sensor-proxy	2.8-1ubuntu2
im-config	0.44-1ubuntu1.3
info	6.7.0.dfsg.2-5
init	1.57
init-system-helpers	1.57
initramfs-tools	0.136ubuntu6.7
initramfs-tools-bin	0.136ubuntu6.7
initramfs-tools-core	0.136ubuntu6.7
inputattach	1:1.7.0-1
install-info	6.7.0.dfsg.2-5
intel-media-va-driver:amd64	20.1.1+dfsg1-1
intel-microcode	3.20231114.0ubuntu0.20.04.1
intltool-debian	0.35.0+20060710.5
ippusbxd	1.34-2ubuntu1
iproute2	5.5.0-1ubuntu1
iptables	1.8.4-3ubuntu2
iputils-ping	3:20190709-3
iputils-tracepath	3:20190709-3
irqbalance	1.6.0-3ubuntu1
isc-dhcp-client	4.4.1-2.1ubuntu5.20.04.5
isc-dhcp-common	4.4.1-2.1ubuntu5.20.04.5
iso-codes	4.4-1
isolinux	3:6.04~git20190206.bf6db5b4+dfsg1-2
iucode-tool	2.3.1-1
iw	5.4-1
java-common	0.72
javascript-common	11
joystick	1:1.7.0-1
jq	1.6-1ubuntu0.20.04.1
kbd	2.0.4-4ubuntu2
kerneloops	0.12+git20140509-6ubuntu2
keyboard-configuration	1.194ubuntu3
klibc-utils	2.0.7-1ubuntu5.1
kmod	27-1ubuntu2.1
krb5-locales	1.17-6ubuntu4.4
krb5-multidev:amd64	1.17-6ubuntu4.4
language-pack-en	1:20.04+20220818
language-pack-en-base	1:20.04+20220818
language-pack-gnome-en	1:20.04+20220818
language-pack-gnome-en-base	1:20.04+20220818
language-pack-gnome-zh-hans	1:20.04+20220818
language-pack-gnome-zh-hans-base	1:20.04+20220818
language-pack-zh-hans	1:20.04+20220818
language-pack-zh-hans-base	1:20.04+20220818
language-selector-common	0.204.2
language-selector-gnome	0.204.2
laptop-detect	0.16
less	551-1ubuntu0.2
liba52-0.7.4:amd64	0.7.4-20
libaa1:amd64	1.4p5-46
libaacs0:amd64	0.9.0-2
libaccountsservice0:amd64	0.6.55-0ubuntu12~20.04.7
libacl1:amd64	2.2.53-6
libaec-dev:amd64	1.0.4-1
libaec0:amd64	1.0.4-1
libalgorithm-diff-perl	1.19.03-2
libalgorithm-diff-xs-perl	0.04-6
libalgorithm-merge-perl	0.08-3
libamd2:amd64	1:5.7.1+dfsg-2
libamtk-5-0:amd64	5.0.2-1build1
libamtk-5-common	5.0.2-1build1
libann0	1.1.2+doc-7build1
libao-common	1.2.2+20180113-1ubuntu1
libao4:amd64	1.2.2+20180113-1ubuntu1
libaom0:amd64	1.0.0.errata1-3+deb11u1build0.20.04.1
libapparmor1:amd64	2.13.3-7ubuntu5.1
libappindicator3-1	12.10.1+20.04.20200408.1-0ubuntu1
libappstream4:amd64	0.12.10-2
libapr1:amd64	1.6.5-1ubuntu1
libapr1-dev	1.6.5-1ubuntu1
libaprutil1:amd64	1.6.1-4ubuntu2.2
libaprutil1-dev	1.6.1-4ubuntu2.2
libapt-pkg6.0:amd64	2.0.9
libarchive-cpio-perl	0.10-1
libarchive-zip-perl	1.67-2
libarchive13:amd64	3.4.0-2ubuntu1.2
libargon2-1:amd64	0~20171227-0.2
libaribb24-0:amd64	1.0.3-2
libarmadillo-dev	1:9.800.4+dfsg-1build1
libarmadillo9	1:9.800.4+dfsg-1build1
libarpack2:amd64	3.7.0-3
libarpack2-dev:amd64	3.7.0-3
libasan5:amd64	9.4.0-1ubuntu1~20.04.2
libasio-dev	1:1.12.2-1
libasn1-8-heimdal:amd64	7.7.0+dfsg-1ubuntu1.4
libasound2:amd64	1.2.2-2.1ubuntu2.5
libasound2-data	1.2.2-2.1ubuntu2.5
libasound2-dev:amd64	1.2.2-2.1ubuntu2.5
libasound2-plugins:amd64	1.2.2-1ubuntu1
libaspell15:amd64	0.60.8-1ubuntu0.1
libass9:amd64	1:0.14.0-2
libassimp-dev:amd64	5.0.1~ds0-1build1
libassimp5:amd64	5.0.1~ds0-1build1
libassuan-dev	2.5.3-7ubuntu2
libassuan0:amd64	2.5.3-7ubuntu2
libasyncns0:amd64	0.8-6
libatasmart4:amd64	0.19-5
libatk-adaptor:amd64	2.34.2-0ubuntu2~20.04.1
libatk-bridge2.0-0:amd64	2.34.2-0ubuntu2~20.04.1
libatk-wrapper-java	0.37.1-1
libatk-wrapper-java-jni:amd64	0.37.1-1
libatk1.0-0:amd64	2.35.1-1ubuntu2
libatk1.0-data	2.35.1-1ubuntu2
libatk1.0-dev:amd64	2.35.1-1ubuntu2
libatkmm-1.6-1v5:amd64	2.28.0-2build1
libatm1:amd64	1:2.5.1-4
libatomic1:amd64	10.5.0-1ubuntu1~20.04
libatomic1:i386	10.5.0-1ubuntu1~20.04
libatopology2:amd64	1.2.2-2.1ubuntu2.5
libatspi2.0-0:amd64	2.36.0-2
libattr1:amd64	1:2.4.48-5
libaudit-common	1:2.8.5-2ubuntu6
libaudit1:amd64	1:2.8.5-2ubuntu6
libauthen-sasl-perl	2.1600-1
libavahi-client3:amd64	0.7-4ubuntu7.3
libavahi-common-data:amd64	0.7-4ubuntu7.3
libavahi-common3:amd64	0.7-4ubuntu7.3
libavahi-core7:amd64	0.7-4ubuntu7.3
libavahi-glib1:amd64	0.7-4ubuntu7.3
libavc1394-0:amd64	0.5.4-5
libavcodec-dev:amd64	7:4.2.7-0ubuntu0.1
libavcodec58:amd64	7:4.2.7-0ubuntu0.1
libavdevice-dev:amd64	7:4.2.7-0ubuntu0.1
libavdevice58:amd64	7:4.2.7-0ubuntu0.1
libavfilter-dev:amd64	7:4.2.7-0ubuntu0.1
libavfilter7:amd64	7:4.2.7-0ubuntu0.1
libavformat-dev:amd64	7:4.2.7-0ubuntu0.1
libavformat58:amd64	7:4.2.7-0ubuntu0.1
libavresample-dev:amd64	7:4.2.7-0ubuntu0.1
libavresample4:amd64	7:4.2.7-0ubuntu0.1
libavutil-dev:amd64	7:4.2.7-0ubuntu0.1
libavutil56:amd64	7:4.2.7-0ubuntu0.1
libayatana-appindicator3-1	0.5.4-2
libayatana-indicator3-7:amd64	0.6.3-1
libb64-0d:amd64	1.2-5
libb64-dev:amd64	1.2-5
libbabeltrace1:amd64	1.5.8-1build1
libbasicusageenvironment1:amd64	2020.01.19-1build1
libbdplus0:amd64	0.1.2-3
libbinutils:amd64	2.34-6ubuntu1.9
libblas-dev:amd64	3.9.0-1build1
libblas3:amd64	3.9.0-1build1
libblkid-dev:amd64	2.34-0.1ubuntu9.6
libblkid1:amd64	2.34-0.1ubuntu9.6
libblockdev-crypto2:amd64	2.23-2ubuntu3
libblockdev-fs2:amd64	2.23-2ubuntu3
libblockdev-loop2:amd64	2.23-2ubuntu3
libblockdev-part-err2:amd64	2.23-2ubuntu3
libblockdev-part2:amd64	2.23-2ubuntu3
libblockdev-swap2:amd64	2.23-2ubuntu3
libblockdev-utils2:amd64	2.23-2ubuntu3
libblockdev2:amd64	2.23-2ubuntu3
libbluetooth3:amd64	5.53-0ubuntu3.7
libbluray2:amd64	1:1.2.0-1
libboost-all-dev	1.71.0.0ubuntu2
libboost-atomic-dev:amd64	1.71.0.0ubuntu2
libboost-atomic1.71-dev:amd64	1.71.0-6ubuntu6
libboost-atomic1.71.0:amd64	1.71.0-6ubuntu6
libboost-chrono-dev:amd64	1.71.0.0ubuntu2
libboost-chrono1.71-dev:amd64	1.71.0-6ubuntu6
libboost-chrono1.71.0:amd64	1.71.0-6ubuntu6
libboost-container-dev:amd64	1.71.0.0ubuntu2
libboost-container1.71-dev:amd64	1.71.0-6ubuntu6
libboost-container1.71.0:amd64	1.71.0-6ubuntu6
libboost-context-dev:amd64	1.71.0.0ubuntu2
libboost-context1.71-dev:amd64	1.71.0-6ubuntu6
libboost-context1.71.0:amd64	1.71.0-6ubuntu6
libboost-coroutine-dev:amd64	1.71.0.0ubuntu2
libboost-coroutine1.71-dev:amd64	1.71.0-6ubuntu6
libboost-coroutine1.71.0:amd64	1.71.0-6ubuntu6
libboost-date-time-dev:amd64	1.71.0.0ubuntu2
libboost-date-time1.71-dev:amd64	1.71.0-6ubuntu6
libboost-date-time1.71.0:amd64	1.71.0-6ubuntu6
libboost-dev:amd64	1.71.0.0ubuntu2
libboost-exception-dev:amd64	1.71.0.0ubuntu2
libboost-exception1.71-dev:amd64	1.71.0-6ubuntu6
libboost-fiber-dev:amd64	1.71.0.0ubuntu2
libboost-fiber1.71-dev:amd64	1.71.0-6ubuntu6
libboost-fiber1.71.0:amd64	1.71.0-6ubuntu6
libboost-filesystem-dev:amd64	1.71.0.0ubuntu2
libboost-filesystem1.71-dev:amd64	1.71.0-6ubuntu6
libboost-filesystem1.71.0:amd64	1.71.0-6ubuntu6
libboost-graph-dev:amd64	1.71.0.0ubuntu2
libboost-graph-parallel-dev	1.71.0.0ubuntu2
libboost-graph-parallel1.71-dev	1.71.0-6ubuntu6
libboost-graph-parallel1.71.0	1.71.0-6ubuntu6
libboost-graph1.71-dev:amd64	1.71.0-6ubuntu6
libboost-graph1.71.0:amd64	1.71.0-6ubuntu6
libboost-iostreams-dev:amd64	1.71.0.0ubuntu2
libboost-iostreams1.71-dev:amd64	1.71.0-6ubuntu6
libboost-iostreams1.71.0:amd64	1.71.0-6ubuntu6
libboost-locale-dev:amd64	1.71.0.0ubuntu2
libboost-locale1.71-dev:amd64	1.71.0-6ubuntu6
libboost-locale1.71.0:amd64	1.71.0-6ubuntu6
libboost-log-dev	1.71.0.0ubuntu2
libboost-log1.71-dev	1.71.0-6ubuntu6
libboost-log1.71.0	1.71.0-6ubuntu6
libboost-math-dev:amd64	1.71.0.0ubuntu2
libboost-math1.71-dev:amd64	1.71.0-6ubuntu6
libboost-math1.71.0:amd64	1.71.0-6ubuntu6
libboost-mpi-dev	1.71.0.0ubuntu2
libboost-mpi-python-dev	1.71.0.0ubuntu2
libboost-mpi-python1.71-dev	1.71.0-6ubuntu6
libboost-mpi-python1.71.0	1.71.0-6ubuntu6
libboost-mpi1.71-dev	1.71.0-6ubuntu6
libboost-mpi1.71.0	1.71.0-6ubuntu6
libboost-numpy-dev	1.71.0.0ubuntu2
libboost-numpy1.71-dev	1.71.0-6ubuntu6
libboost-numpy1.71.0	1.71.0-6ubuntu6
libboost-program-options-dev:amd64	1.71.0.0ubuntu2
libboost-program-options1.71-dev:amd64	1.71.0-6ubuntu6
libboost-program-options1.71.0:amd64	1.71.0-6ubuntu6
libboost-python-dev	1.71.0.0ubuntu2
libboost-python1.71-dev	1.71.0-6ubuntu6
libboost-python1.71.0	1.71.0-6ubuntu6
libboost-random-dev:amd64	1.71.0.0ubuntu2
libboost-random1.71-dev:amd64	1.71.0-6ubuntu6
libboost-random1.71.0:amd64	1.71.0-6ubuntu6
libboost-regex-dev:amd64	1.71.0.0ubuntu2
libboost-regex1.71-dev:amd64	1.71.0-6ubuntu6
libboost-regex1.71.0:amd64	1.71.0-6ubuntu6
libboost-serialization-dev:amd64	1.71.0.0ubuntu2
libboost-serialization1.71-dev:amd64	1.71.0-6ubuntu6
libboost-serialization1.71.0:amd64	1.71.0-6ubuntu6
libboost-stacktrace-dev:amd64	1.71.0.0ubuntu2
libboost-stacktrace1.71-dev:amd64	1.71.0-6ubuntu6
libboost-stacktrace1.71.0:amd64	1.71.0-6ubuntu6
libboost-system-dev:amd64	1.71.0.0ubuntu2
libboost-system1.71-dev:amd64	1.71.0-6ubuntu6
libboost-system1.71.0:amd64	1.71.0-6ubuntu6
libboost-test-dev:amd64	1.71.0.0ubuntu2
libboost-test1.71-dev:amd64	1.71.0-6ubuntu6
libboost-test1.71.0:amd64	1.71.0-6ubuntu6
libboost-thread-dev:amd64	1.71.0.0ubuntu2
libboost-thread1.71-dev:amd64	1.71.0-6ubuntu6
libboost-thread1.71.0:amd64	1.71.0-6ubuntu6
libboost-timer-dev:amd64	1.71.0.0ubuntu2
libboost-timer1.71-dev:amd64	1.71.0-6ubuntu6
libboost-timer1.71.0:amd64	1.71.0-6ubuntu6
libboost-tools-dev	1.71.0.0ubuntu2
libboost-type-erasure-dev:amd64	1.71.0.0ubuntu2
libboost-type-erasure1.71-dev:amd64	1.71.0-6ubuntu6
libboost-type-erasure1.71.0:amd64	1.71.0-6ubuntu6
libboost-wave-dev:amd64	1.71.0.0ubuntu2
libboost-wave1.71-dev:amd64	1.71.0-6ubuntu6
libboost-wave1.71.0:amd64	1.71.0-6ubuntu6
libboost1.71-dev:amd64	1.71.0-6ubuntu6
libboost1.71-tools-dev	1.71.0-6ubuntu6
libbrlapi0.7:amd64	6.0+dfsg-4ubuntu6
libbrotli1:amd64	1.0.7-6ubuntu0.1
libbs2b0:amd64	3.1.0+dfsg-2.2build1
libbsd0:amd64	0.10.0-1
libbsd0:i386	0.10.0-1
libbtf1:amd64	1:5.7.1+dfsg-2
libbullet-dev:amd64	2.88+dfsg-2build2
libbullet2.88:amd64	2.88+dfsg-2build2
libburn4:amd64	1.5.2-1
libbz2-1.0:amd64	1.0.8-2
libbz2-dev:amd64	1.0.8-2
libc-ares2:amd64	1.15.0-1ubuntu0.5
libc-bin	2.31-0ubuntu9.14
libc-dev-bin	2.31-0ubuntu9.14
libc6:amd64	2.31-0ubuntu9.14
libc6:i386	2.31-0ubuntu9.14
libc6-dbg:amd64	2.31-0ubuntu9.14
libc6-dev:amd64	2.31-0ubuntu9.14
libcaca-dev	0.99.beta19-2.1ubuntu1.20.04.2
libcaca0:amd64	0.99.beta19-2.1ubuntu1.20.04.2
libcaf-openmpi-3:amd64	2.8.0-1
libcairo-gobject-perl	1.005-2
libcairo-gobject2:amd64	1.16.0-4ubuntu1
libcairo-perl	1.107-1
libcairo-script-interpreter2:amd64	1.16.0-4ubuntu1
libcairo2:amd64	1.16.0-4ubuntu1
libcairo2-dev:amd64	1.16.0-4ubuntu1
libcairomm-1.0-1v5:amd64	1.12.2-4build1
libcamd2:amd64	1:5.7.1+dfsg-2
libcamel-1.2-62:amd64	3.36.5-0ubuntu1
libcanberra-gtk3-0:amd64	0.30-7ubuntu1
libcanberra-gtk3-module:amd64	0.30-7ubuntu1
libcanberra-pulse:amd64	0.30-7ubuntu1
libcanberra0:amd64	0.30-7ubuntu1
libcap-ng0:amd64	0.7.9-2.1build1
libcap2:amd64	1:2.32-1ubuntu0.1
libcap2-bin	1:2.32-1ubuntu0.1
libcbor0.6:amd64	0.6.0-0ubuntu1
libcc1-0:amd64	10.5.0-1ubuntu1~20.04
libccd-dev:amd64	2.1-1
libccd2:amd64	2.1-1
libccolamd2:amd64	1:5.7.1+dfsg-2
libcddb2	1.3.2-6fakesync1
libcdio-cdda2:amd64	10.2+2.0.0-1
libcdio-paranoia2:amd64	10.2+2.0.0-1
libcdio18:amd64	2.0.0-2
libcdparanoia0:amd64	3.10.2+debian-13
libcdt5:amd64	2.42.2-3build2
libcfitsio-dev:amd64	3.470-3
libcfitsio-doc	3.470-3
libcfitsio8:amd64	3.470-3
libcgi-fast-perl	1:2.15-1
libcgi-pm-perl	4.46-1
libcgraph6:amd64	2.42.2-3build2
libcharls-dev:amd64	2.0.0+dfsg-1build1
libcharls2:amd64	2.0.0+dfsg-1build1
libcheese-gtk25:amd64	3.34.0-1ubuntu1
libcheese8:amd64	3.34.0-1ubuntu1
libcholmod3:amd64	1:5.7.1+dfsg-2
libchromaprint1:amd64	1.4.3-3build1
libclang1-10	1:10.0.0-4ubuntu1
libclass-accessor-perl	0.51-1
libclass-loader1d:amd64	0.4.1-2build3
libclutter-1.0-0:amd64	1.26.4+dfsg-1
libclutter-1.0-common	1.26.4+dfsg-1
libclutter-gst-3.0-0:amd64	3.0.27-1
libclutter-gtk-1.0-0:amd64	1.8.4-4
libcoarrays-dev:amd64	2.8.0-1
libcoarrays-openmpi-dev:amd64	2.8.0-1
libcodec2-0.9:amd64	0.9.2-2
libcogl-common	1.22.6-1
libcogl-pango20:amd64	1.22.6-1
libcogl-path20:amd64	1.22.6-1
libcogl20:amd64	1.22.6-1
libcolamd2:amd64	1:5.7.1+dfsg-2
libcolord-gtk1:amd64	0.2.0-0ubuntu1
libcolord2:amd64	1.4.4-2
libcolorhug2:amd64	1.4.4-2
libcom-err2:amd64	1.45.5-2ubuntu1.1
libconsole-bridge-dev:amd64	0.4.4+dfsg-1build1
libconsole-bridge0.4:amd64	0.4.4+dfsg-1build1
libcpp-common0d:amd64	0.6.13-1build1
libcrack2:amd64	2.9.6-3.2
libcroco3:amd64	0.6.13-1
libcrypt-dev:amd64	1:4.4.10-10ubuntu4
libcrypt1:amd64	1:4.4.10-10ubuntu4
libcrypt1:i386	1:4.4.10-10ubuntu4
libcryptsetup12:amd64	2:2.2.2-3ubuntu2.4
libctf-nobfd0:amd64	2.34-6ubuntu1.9
libctf0:amd64	2.34-6ubuntu1.9
libcublas-12-8	12.8.4.1-1
libcublas-dev-12-8	12.8.4.1-1
libcue2:amd64	2.2.1-2ubuntu0.1
libcufft-12-8	11.3.3.83-1
libcufft-dev-12-8	11.3.3.83-1
libcufile-12-8	1.13.1.3-1
libcufile-dev-12-8	1.13.1.3-1
libcups2:amd64	2.3.1-9ubuntu1.6
libcupsfilters1:amd64	1.27.4-1ubuntu0.2
libcupsimage2:amd64	2.3.1-9ubuntu1.6
libcurand-12-8	10.3.9.90-1
libcurand-dev-12-8	10.3.9.90-1
libcurl3-gnutls:amd64	7.68.0-1ubuntu2.22
libcurl4:amd64	7.68.0-1ubuntu2.25
libcurl4-openssl-dev:amd64	7.68.0-1ubuntu2.25
libcusolver-12-8	11.7.3.90-1
libcusolver-dev-12-8	11.7.3.90-1
libcusparse-12-8	12.5.8.93-1
libcusparse-dev-12-8	12.5.8.93-1
libcwidget4:amd64	0.5.18-5build1
libcxsparse3:amd64	1:5.7.1+dfsg-2
libdaemon0:amd64	0.14-7
libdap-dev:amd64	3.20.5-1
libdap25:amd64	3.20.5-1
libdapclient6v5:amd64	3.20.5-1
libdapserver7v5:amd64	3.20.5-1
libdart-collision-bullet-dev	6.9.2-2build4
libdart-collision-ode-dev	6.9.2-2build4
libdart-dev	6.9.2-2build4
libdart-external-ikfast-dev	6.9.2-2build4
libdart-external-odelcpsolver-dev	6.9.2-2build4
libdart-utils-dev	6.9.2-2build4
libdart-utils-urdf-dev	6.9.2-2build4
libdart6	6.9.2-2build4
libdart6-collision-bullet	6.9.2-2build4
libdart6-collision-ode	6.9.2-2build4
libdart6-external-odelcpsolver	6.9.2-2build4
libdart6-utils	6.9.2-2build4
libdart6-utils-urdf	6.9.2-2build4
libdata-dump-perl	1.23-1
libdatrie-dev:amd64	0.2.12-3
libdatrie1:amd64	0.2.12-3
libdb5.3:amd64	5.3.28+dfsg1-0.6ubuntu2
libdbus-1-3:amd64	1.12.16-2ubuntu2.3
libdbus-glib-1-2:amd64	0.110-5fakssync1
libdbusmenu-glib4:amd64	16.04.1+18.10.20180917-0ubuntu6
libdbusmenu-gtk3-4:amd64	16.04.1+18.10.20180917-0ubuntu6
libdc1394-22:amd64	2.2.5-2.1
libdc1394-22-dev:amd64	2.2.5-2.1
libdca0:amd64	0.0.6-1
libdconf1:amd64	0.36.0-1
libdebconfclient0:amd64	0.251ubuntu1
libdebhelper-perl	12.10ubuntu1
libdee-1.0-4:amd64	1.2.7+17.10.20170616-4ubuntu6
libdevmapper1.02.1:amd64	2:1.02.167-1ubuntu1
libdjvulibre-text	3.5.27.1-14ubuntu0.1
libdjvulibre21:amd64	3.5.27.1-14ubuntu0.1
libdns-export1109	1:9.11.16+dfsg-3~ubuntu1
libdotconf0:amd64	1.3-0.3fakesync1
libdouble-conversion3:amd64	3.1.5-4ubuntu1
libdpkg-perl	1.19.7ubuntu3.2
libdrm-amdgpu1:amd64	2.4.107-8ubuntu1~20.04.2
libdrm-amdgpu1:i386	2.4.107-8ubuntu1~20.04.2
libdrm-common	2.4.107-8ubuntu1~20.04.2
libdrm-intel1:amd64	2.4.107-8ubuntu1~20.04.2
libdrm-intel1:i386	2.4.107-8ubuntu1~20.04.2
libdrm-nouveau2:amd64	2.4.107-8ubuntu1~20.04.2
libdrm-nouveau2:i386	2.4.107-8ubuntu1~20.04.2
libdrm-radeon1:amd64	2.4.107-8ubuntu1~20.04.2
libdrm-radeon1:i386	2.4.107-8ubuntu1~20.04.2
libdrm2:amd64	2.4.107-8ubuntu1~20.04.2
libdrm2:i386	2.4.107-8ubuntu1~20.04.2
libdv4:amd64	1.0.0-12
libdvbpsi10:amd64	1.3.3-1
libdvdnav4:amd64	6.0.1-1build1
libdvdread7:amd64	6.1.0+really6.0.2-1
libdw1:amd64	0.176-1.1ubuntu0.1
libebackend-1.2-10:amd64	3.36.5-0ubuntu1
libebml4v5:amd64	1.3.10-1build1
libebook-1.2-20:amd64	3.36.5-0ubuntu1
libebook-contacts-1.2-3:amd64	3.36.5-0ubuntu1
libecal-2.0-1:amd64	3.36.5-0ubuntu1
libedata-book-1.2-26:amd64	3.36.5-0ubuntu1
libedata-cal-2.0-1:amd64	3.36.5-0ubuntu1
libedataserver-1.2-24:amd64	3.36.5-0ubuntu1
libedataserverui-1.2-2:amd64	3.36.5-0ubuntu1
libedit2:amd64	3.1-20191231-1
libedit2:i386	3.1-20191231-1
libefiboot1:amd64	37-2ubuntu2.2
libefivar1:amd64	37-2ubuntu2.2
libegl-dev:amd64	1.3.2-1~ubuntu0.20.04.2
libegl-mesa0:amd64	21.2.6-0ubuntu0.1~20.04.2
libegl1:amd64	1.3.2-1~ubuntu0.20.04.2
libeigen3-dev	3.3.7-2
libelf1:amd64	0.176-1.1ubuntu0.1
libelf1:i386	0.176-1.1ubuntu0.1
libenchant-2-2:amd64	2.2.8-1ubuntu0.20.04.1
libencode-locale-perl	1.05-1
libepoxy0:amd64	1.5.4-1
libepsilon-dev:amd64	0.9.2+dfsg-4
libepsilon1:amd64	0.9.2+dfsg-4
liberror-perl	0.17029-1
libespeak-ng1:amd64	1.50+dfsg-6
libestr0:amd64	0.1.10-2.1
libevdev2:amd64	1.9.0+dfsg-1ubuntu0.2
libevdocument3-4:amd64	3.36.10-0ubuntu1
libevemu3:amd64	2.7.0-2
libevent-2.1-7:amd64	2.1.11-stable-1
libevent-core-2.1-7:amd64	2.1.11-stable-1
libevent-dev	2.1.11-stable-1
libevent-extra-2.1-7:amd64	2.1.11-stable-1
libevent-openssl-2.1-7:amd64	2.1.11-stable-1
libevent-pthreads-2.1-7:amd64	2.1.11-stable-1
libevview3-3:amd64	3.36.10-0ubuntu1
libexempi8:amd64	2.5.1-1ubuntu0.1
libexif-dev:amd64	0.6.21-6ubuntu0.4
libexif-doc	0.6.21-6ubuntu0.4
libexif12:amd64	0.6.21-6ubuntu0.4
libexiv2-27:amd64	0.27.2-8ubuntu2.7
libexpat1:amd64	2.2.9-1ubuntu0.6
libexpat1:i386	2.2.9-1ubuntu0.6
libexpat1-dev:amd64	2.2.9-1ubuntu0.6
libext2fs2:amd64	1.45.5-2ubuntu1.1
libextutils-depends-perl	0.8000-1
libextutils-pkgconfig-perl	1.16-1
libfaad2:amd64	2.9.1-1ubuntu0.1
libfabric1	1.6.2-3ubuntu0.1
libfakeroot:amd64	1.24-1
libfastjson4:amd64	0.99.8-2
libfcgi-perl	0.79-1
libfcitx-config4:amd64	1:4.2.9.7-3
libfcitx-core0:amd64	1:4.2.9.7-3
libfcitx-gclient1:amd64	1:4.2.9.7-3
libfcitx-qt5-1:amd64	1.2.4-1build2
libfcitx-qt5-data	1.2.4-1build2
libfcitx-utils0:amd64	1:4.2.9.7-3
libfcl-dev	0.5.0-5build1
libfcl0.5	0.5.0-5build1
libfdisk1:amd64	2.34-0.1ubuntu9.6
libffi-dev:amd64	3.3-4
libffi7:amd64	3.3-4
libffi7:i386	3.3-4
libfftw3-double3:amd64	3.3.8-2ubuntu1
libfftw3-single3:amd64	3.3.8-2ubuntu1
libfido2-1:amd64	1.3.1-1ubuntu2
libfile-basedir-perl	0.08-1
libfile-desktopentry-perl	0.22-1
libfile-fcntllock-perl	0.22-3build4
libfile-listing-perl	6.04-1
libfile-mimeinfo-perl	0.29-1
libfile-stripnondeterminism-perl	1.7.0-1
libflac8:amd64	1.3.3-1ubuntu0.2
libflann-dev:amd64	1.9.1+dfsg-9build1
libflann1.9:amd64	1.9.1+dfsg-9build1
libflite1:amd64	2.1-release-3
libfltk-cairo1.3:amd64	1.3.4-10build1
libfltk-forms1.3:amd64	1.3.4-10build1
libfltk-gl1.3:amd64	1.3.4-10build1
libfltk-images1.3:amd64	1.3.4-10build1
libfltk1.3:amd64	1.3.4-10build1
libfltk1.3-dev	1.3.4-10build1
libfont-afm-perl	1.20-2
libfontconfig1:amd64	2.13.1-2ubuntu3
libfontconfig1-dev:amd64	2.13.1-2ubuntu3
libfontembed1:amd64	1.27.4-1ubuntu0.2
libfontenc1:amd64	1:1.1.4-0ubuntu1
libfprint-2-2:amd64	1:1.90.2+tod1-0ubuntu1~20.04.10
libfprint-2-tod1:amd64	1:1.90.2+tod1-0ubuntu1~20.04.10
libfreeimage-dev	3.18.0+ds2-1ubuntu3.1
libfreeimage3:amd64	3.18.0+ds2-1ubuntu3.1
libfreetype-dev:amd64	2.10.1-2ubuntu0.3
libfreetype6:amd64	2.10.1-2ubuntu0.3
libfreetype6-dev:amd64	2.10.1-2ubuntu0.3
libfreexl-dev:amd64	1.0.5-3
libfreexl1:amd64	1.0.5-3
libfribidi-dev:amd64	1.0.8-2ubuntu0.1
libfribidi0:amd64	1.0.8-2ubuntu0.1
libfuse2:amd64	2.9.9-3
libfwupd2:amd64	1.7.9-1~20.04.1
libfwupdplugin1:amd64	1.5.11-0ubuntu1~20.04.2
libfwupdplugin5:amd64	1.7.9-1~20.04.1
libfyba-dev:amd64	4.1.1-6build1
libfyba0:amd64	4.1.1-6build1
libgail-common:amd64	2.24.32-4ubuntu4
libgail18:amd64	2.24.32-4ubuntu4
libgamemode0	1.5.1-0ubuntu3.1
libgamemodeauto0	1.5.1-0ubuntu3.1
libgazebo11:amd64	11.11.0-1~focal
libgazebo11-dev:amd64	11.11.0-1~focal
libgbm1:amd64	21.2.6-0ubuntu0.1~20.04.2
libgcab-1.0-0:amd64	1.4-1
libgcc-8-dev:amd64	8.4.0-3ubuntu2
libgcc-9-dev:amd64	9.4.0-1ubuntu1~20.04.2
libgcc-s1:amd64	10.5.0-1ubuntu1~20.04
libgcc-s1:i386	10.5.0-1ubuntu1~20.04
libgck-1-0:amd64	3.36.0-2build1
libgconf-2-4:amd64	3.2.6-6ubuntu1
libgcr-base-3-1:amd64	3.36.0-2build1
libgcr-ui-3-1:amd64	3.36.0-2build1
libgcrypt20:amd64	1.8.5-5ubuntu1.1
libgd3:amd64	2.2.5-5.2ubuntu2.1
libgdal-dev	3.0.4+dfsg-1build3
libgdal26	3.0.4+dfsg-1build3
libgdata-common	0.17.12-1
libgdata22:amd64	0.17.12-1
libgdbm-compat4:amd64	1.18.1-5
libgdbm6:amd64	1.18.1-5
libgdcm-dev	3.0.5-1.1ubuntu2
libgdcm3.0:amd64	3.0.5-1.1ubuntu2
libgdk-pixbuf2.0-0:amd64	2.40.0+dfsg-3ubuntu0.4
libgdk-pixbuf2.0-bin	2.40.0+dfsg-3ubuntu0.4
libgdk-pixbuf2.0-common	2.40.0+dfsg-3ubuntu0.4
libgdk-pixbuf2.0-dev:amd64	2.40.0+dfsg-3ubuntu0.4
libgdm1	3.36.3-0ubuntu0.20.04.4
libgee-0.8-2:amd64	0.20.3-1
libgeoclue-2-0:amd64	2.5.6-0ubuntu1
libgeocode-glib0:amd64	3.26.2-2
libgeos-3.8.0:amd64	3.8.0-1build1
libgeos-c1v5:amd64	3.8.0-1build1
libgeos-dev	3.8.0-1build1
libgeotiff-dev:amd64	1.5.1-2
libgeotiff5:amd64	1.5.1-2
libgettextpo0:amd64	0.19.8.1-10build1
libgexiv2-2:amd64	0.12.0-2
libgflags-dev	2.2.2-1build1
libgflags2.2	2.2.2-1build1
libgfortran-8-dev:amd64	8.4.0-3ubuntu2
libgfortran-9-dev:amd64	9.4.0-1ubuntu1~20.04.2
libgfortran5:amd64	10.5.0-1ubuntu1~20.04
libgif-dev	5.1.9-1
libgif7:amd64	5.1.9-1
libgirepository-1.0-1:amd64	1.64.1-1~ubuntu20.04.1
libgjs0g:amd64	1.64.5-0ubuntu0.20.04.01
libgl-dev:amd64	1.3.2-1~ubuntu0.20.04.2
libgl1:amd64	1.3.2-1~ubuntu0.20.04.2
libgl1:i386	1.3.2-1~ubuntu0.20.04.2
libgl1-mesa-dev:amd64	21.2.6-0ubuntu0.1~20.04.2
libgl1-mesa-dri:amd64	21.2.6-0ubuntu0.1~20.04.2
libgl1-mesa-dri:i386	21.2.6-0ubuntu0.1~20.04.2
libgl2ps-dev	1.4.0+dfsg1-2
libgl2ps1.4	1.4.0+dfsg1-2
libglapi-mesa:amd64	21.2.6-0ubuntu0.1~20.04.2
libglapi-mesa:i386	21.2.6-0ubuntu0.1~20.04.2
libgles-dev:amd64	1.3.2-1~ubuntu0.20.04.2
libgles1:amd64	1.3.2-1~ubuntu0.20.04.2
libgles2:amd64	1.3.2-1~ubuntu0.20.04.2
libglew-dev:amd64	2.1.0-4
libglew2.1:amd64	2.1.0-4
libglib-object-introspection-perl	0.048-2build1
libglib-perl:amd64	3:1.329.2-1
libglib2.0-0:amd64	2.64.6-1~ubuntu20.04.6
libglib2.0-bin	2.64.6-1~ubuntu20.04.6
libglib2.0-data	2.64.6-1~ubuntu20.04.6
libglib2.0-dev:amd64	2.64.6-1~ubuntu20.04.6
libglib2.0-dev-bin	2.64.6-1~ubuntu20.04.6
libglibmm-2.4-1v5:amd64	2.64.2-1
libglu1-mesa:amd64	9.0.1-1build1
libglu1-mesa-dev:amd64	9.0.1-1build1
libglvnd-dev:amd64	1.3.2-1~ubuntu0.20.04.2
libglvnd0:amd64	1.3.2-1~ubuntu0.20.04.2
libglvnd0:i386	1.3.2-1~ubuntu0.20.04.2
libglx-dev:amd64	1.3.2-1~ubuntu0.20.04.2
libglx-mesa0:amd64	21.2.6-0ubuntu0.1~20.04.2
libglx-mesa0:i386	21.2.6-0ubuntu0.1~20.04.2
libglx0:amd64	1.3.2-1~ubuntu0.20.04.2
libglx0:i386	1.3.2-1~ubuntu0.20.04.2
libgme0:amd64	0.6.2-1build1
libgmp10:amd64	2:6.2.0+dfsg-4ubuntu0.1
libgnome-autoar-0-0:amd64	0.2.3-2ubuntu0.4
libgnome-bluetooth13:amd64	3.34.3-0ubuntu1
libgnome-desktop-3-19:amd64	3.36.8-0ubuntu1
libgnome-menu-3-0:amd64	3.36.0-1ubuntu1
libgnomekbd-common	3.26.1-1
libgnomekbd8:amd64	3.26.1-1
libgnutls30:amd64	3.6.13-2ubuntu1.11
libgoa-1.0-0b:amd64	3.36.1-0ubuntu1
libgoa-1.0-common	3.36.1-0ubuntu1
libgoa-backend-1.0-1:amd64	3.36.1-0ubuntu1
libgomp1:amd64	10.5.0-1ubuntu1~20.04
libgoogle-glog-dev	0.4.0-1build1
libgoogle-glog0v5	0.4.0-1build1
libgpg-error-dev	1.37-1
libgpg-error0:amd64	1.37-1
libgpgme-dev	1.13.1-7ubuntu2.2
libgpgme11:amd64	1.13.1-7ubuntu2.2
libgphoto2-6:amd64	2.5.25-0ubuntu0.1
libgphoto2-dev:amd64	2.5.25-0ubuntu0.1
libgphoto2-l10n	2.5.25-0ubuntu0.1
libgphoto2-port12:amd64	2.5.25-0ubuntu0.1
libgpm2:amd64	1.20.7-5
libgraphblas3:amd64	1:5.7.1+dfsg-2
libgraphene-1.0-0:amd64	1.10.0-1build2
libgraphite2-3:amd64	1.3.13-11build1
libgraphite2-dev:amd64	1.3.13-11build1
libgroupsock8:amd64	2020.01.19-1build1
libgs9:amd64	9.50~dfsg-5ubuntu4.11
libgs9-common	9.50~dfsg-5ubuntu4.11
libgsettings-qt1:amd64	0.2-1
libgsf-1-114:amd64	1.14.46-1
libgsf-1-common	1.14.46-1
libgsm1:amd64	1.0.18-2
libgsound0:amd64	1.0.2-4
libgspell-1-2:amd64	1.8.3-1
libgspell-1-common	1.8.3-1
libgssapi-krb5-2:amd64	1.17-6ubuntu4.4
libgssapi3-heimdal:amd64	7.7.0+dfsg-1ubuntu1.4
libgssdp-1.2-0:amd64	1.2.3-0ubuntu0.20.04.1
libgssrpc4:amd64	1.17-6ubuntu4.4
libgstreamer-gl1.0-0:amd64	1.16.3-0ubuntu1.2
libgstreamer-plugins-base1.0-0:amd64	1.16.3-0ubuntu1.2
libgstreamer-plugins-good1.0-0:amd64	1.16.3-0ubuntu1.2
libgstreamer1.0-0:amd64	1.16.3-0ubuntu1.1
libgtest-dev:amd64	1.10.0-2
libgtk-3-0:amd64	3.24.20-0ubuntu1.1
libgtk-3-bin	3.24.20-0ubuntu1.1
libgtk-3-common	3.24.20-0ubuntu1.1
libgtk2.0-0:amd64	2.24.32-4ubuntu4
libgtk2.0-bin	2.24.32-4ubuntu4
libgtk2.0-common	2.24.32-4ubuntu4
libgtk2.0-dev:amd64	2.24.32-4ubuntu4
libgtk3-perl	0.037-1
libgtkmm-3.0-1v5:amd64	3.24.2-1build1
libgtksourceview-4-0:amd64	4.6.0-1
libgtksourceview-4-common	4.6.0-1
libgtop-2.0-11:amd64	2.40.0-2
libgtop2-common	2.40.0-2
libgts-0.7-5:amd64	0.7.6+darcs121130-4
libgts-bin	0.7.6+darcs121130-4
libgts-dev:amd64	0.7.6+darcs121130-4
libgudev-1.0-0:amd64	1:233-1
libgupnp-1.2-0:amd64	1.2.4-0ubuntu1
libgupnp-av-1.0-2	0.12.11-2
libgupnp-dlna-2.0-3	0.10.5-4
libgusb2:amd64	0.3.4-0.1
libgvc6	2.42.2-3build2
libgvpr2:amd64	2.42.2-3build2
libgweather-3-16:amd64	3.36.1-1~ubuntu20.04.1
libgweather-common	3.36.1-1~ubuntu20.04.1
libgxps2:amd64	0.3.1-1
libhandy-0.0-0:amd64	0.0.13-1
libharfbuzz-dev:amd64	2.6.4-1ubuntu4.2
libharfbuzz-gobject0:amd64	2.6.4-1ubuntu4.2
libharfbuzz-icu0:amd64	2.6.4-1ubuntu4.2
libharfbuzz0b:amd64	2.6.4-1ubuntu4.2
libhcrypto4-heimdal:amd64	7.7.0+dfsg-1ubuntu1.4
libhdf4-0-alt	4.2.14-1ubuntu1
libhdf4-alt-dev	4.2.14-1ubuntu1
libhdf5-103:amd64	1.10.4+repack-11ubuntu1
libhdf5-cpp-103:amd64	1.10.4+repack-11ubuntu1
libhdf5-dev	1.10.4+repack-11ubuntu1
libhdf5-mpi-dev	1.10.4+repack-11ubuntu1
libhdf5-openmpi-103:amd64	1.10.4+repack-11ubuntu1
libhdf5-openmpi-dev	1.10.4+repack-11ubuntu1
libheimbase1-heimdal:amd64	7.7.0+dfsg-1ubuntu1.4
libheimntlm0-heimdal:amd64	7.7.0+dfsg-1ubuntu1.4
libhogweed5:amd64	3.5.1+really3.5.1-2ubuntu0.2
libhpmud0:amd64	3.20.3+dfsg0-2
libhtml-form-perl	6.07-1
libhtml-format-perl	2.12-1
libhtml-parser-perl	3.72-5
libhtml-tagset-perl	3.20-4
libhtml-tree-perl	5.07-2
libhttp-cookies-perl	6.08-1
libhttp-daemon-perl	6.06-1ubuntu0.1
libhttp-date-perl	6.05-1
libhttp-message-perl	6.22-1
libhttp-negotiate-perl	6.01-1
libhunspell-1.7-0:amd64	1.7.0-2build2
libhwloc-dev:amd64	2.1.0+dfsg-4
libhwloc-plugins:amd64	2.1.0+dfsg-4
libhwloc15:amd64	2.1.0+dfsg-4
libhx509-5-heimdal:amd64	7.7.0+dfsg-1ubuntu1.4
libhyphen0:amd64	2.8.8-7
libibus-1.0-5:amd64	1.5.22-2ubuntu2.1
libibverbs-dev:amd64	28.0-1ubuntu1
libibverbs1:amd64	28.0-1ubuntu1
libical3:amd64	3.0.8-1
libice-dev:amd64	2:1.0.10-0ubuntu1
libice6:amd64	2:1.0.10-0ubuntu1
libicu-dev:amd64	66.1-2ubuntu2.1
libicu66:amd64	66.1-2ubuntu2.1
libidn11:amd64	1.33-2.2ubuntu2
libidn2-0:amd64	2.2.0-2
libidn2-0:i386	2.2.0-2
libiec61883-0:amd64	1.2.0-3
libieee1284-3:amd64	0.2.11-13build1
libigdgmm11:amd64	20.1.1+ds1-1
libignition-cmake2-dev:amd64	2.15.0-1~focal
libignition-common3:amd64	3.14.2-1~focal
libignition-common3-av:amd64	3.14.2-1~focal
libignition-common3-av-dev:amd64	3.14.2-1~focal
libignition-common3-core-dev:amd64	3.14.2-1~focal
libignition-common3-dev:amd64	3.14.2-1~focal
libignition-common3-events:amd64	3.14.2-1~focal
libignition-common3-events-dev:amd64	3.14.2-1~focal
libignition-common3-graphics:amd64	3.14.2-1~focal
libignition-common3-graphics-dev:amd64	3.14.2-1~focal
libignition-common3-profiler:amd64	3.14.2-1~focal
libignition-common3-profiler-dev:amd64	3.14.2-1~focal
libignition-fuel-tools4:amd64	4.6.0-1~focal
libignition-fuel-tools4-dev:amd64	4.6.0-1~focal
libignition-math6:amd64	6.15.1-1~focal
libignition-math6-dev:amd64	6.15.1-1~focal
libignition-msgs5:amd64	5.10.0-4~focal
libignition-msgs5-dev:amd64	5.10.0-4~focal
libignition-tools-dev:amd64	1.5.0-1~focal
libignition-transport8:amd64	8.3.0-2~focal
libignition-transport8-core-dev:amd64	8.3.0-2~focal
libignition-transport8-dev:amd64	8.3.0-2~focal
libignition-transport8-log:amd64	8.3.0-2~focal
libignition-transport8-log-dev:amd64	8.3.0-2~focal
libijs-0.35:amd64	0.35-15
libilmbase-dev:amd64	2.3.0-6build1
libilmbase24:amd64	2.3.0-6build1
libimagequant0:amd64	2.12.2-1.1
libimobiledevice6:amd64	1.2.1~git20191129.9f79242-1build1
libinput-bin	1.15.5-1ubuntu0.3
libinput10:amd64	1.15.5-1ubuntu0.3
libio-html-perl	1.001-1
libio-socket-ssl-perl	2.067-1
libio-string-perl	1.08-3
libio-stringy-perl	2.111-3
libip4tc2:amd64	1.8.4-3ubuntu2
libip6tc2:amd64	1.8.4-3ubuntu2
libipc-system-simple-perl	1.26-1
libisc-export1105:amd64	1:9.11.16+dfsg-3~ubuntu1
libisl22:amd64	0.22.1-1
libisoburn1:amd64	1.5.2-1
libisofs6:amd64	1.5.2-1
libitm1:amd64	10.5.0-1ubuntu1~20.04
libiw30:amd64	30~pre9-13ubuntu1
libixml10:amd64	1:1.8.4-2ubuntu2
libjack-dev	1:0.125.0-3build2
libjack0:amd64	1:0.125.0-3build2
libjansson4:amd64	2.12-1build1
libjavascriptcoregtk-4.0-18:amd64	2.38.6-0ubuntu0.20.04.1
libjbig-dev:amd64	2.1-3.1ubuntu0.20.04.1
libjbig0:amd64	2.1-3.1ubuntu0.20.04.1
libjbig2dec0:amd64	0.18-1ubuntu1
libjcat1:amd64	0.1.4-0ubuntu0.20.04.1
libjpeg-dev:amd64	8c-2ubuntu8
libjpeg-turbo8:amd64	2.0.3-0ubuntu1.20.04.3
libjpeg-turbo8-dev:amd64	2.0.3-0ubuntu1.20.04.3
libjpeg8:amd64	8c-2ubuntu8
libjpeg8-dev:amd64	8c-2ubuntu8
libjq1:amd64	1.6-1ubuntu0.20.04.1
libjs-inherits	2.0.4-1
libjs-is-typedarray	1.0.0-2
libjs-jquery	3.3.1~dfsg-3
libjs-jquery-ui	1.12.1+dfsg-5ubuntu0.20.04.1
libjs-psl	1.7.0+ds-1
libjs-typedarray-to-buffer	3.0.3-3
libjson-c-dev:amd64	0.13.1+dfsg-7ubuntu0.3
libjson-c4:amd64	0.13.1+dfsg-7ubuntu0.3
libjson-glib-1.0-0:amd64	1.4.4-2ubuntu2
libjson-glib-1.0-common	1.4.4-2ubuntu2
libjsoncpp-dev:amd64	1.7.4-3.1ubuntu2
libjsoncpp1:amd64	1.7.4-3.1ubuntu2
libjte2:amd64	1.22-3build1
libjxr0:amd64	1.1-6build1
libk5crypto3:amd64	1.17-6ubuntu4.4
libkadm5clnt-mit11:amd64	1.17-6ubuntu4.4
libkadm5srv-mit11:amd64	1.17-6ubuntu4.4
libkate1:amd64	0.4.1-11build1
libkdb5-9:amd64	1.17-6ubuntu4.4
libkdl-parser-dev	1.13.1-2build1
libkdl-parser1d:amd64	1.13.1-2build1
libkeybinder-3.0-0:amd64	0.3.2-1ubuntu1
libkeyutils1:amd64	1.6-6ubuntu1.1
libklibc:amd64	2.0.7-1ubuntu5.1
libklu1:amd64	1:5.7.1+dfsg-2
libkml-dev:amd64	1.3.0-8build1
libkmlbase1:amd64	1.3.0-8build1
libkmlconvenience1:amd64	1.3.0-8build1
libkmldom1:amd64	1.3.0-8build1
libkmlengine1:amd64	1.3.0-8build1
libkmlregionator1:amd64	1.3.0-8build1
libkmlxsd1:amd64	1.3.0-8build1
libkmod2:amd64	27-1ubuntu2.1
libkpathsea6:amd64	2019.20190605.51237-3ubuntu0.2
libkrb5-26-heimdal:amd64	7.7.0+dfsg-1ubuntu1.4
libkrb5-3:amd64	1.17-6ubuntu4.4
libkrb5-dev:amd64	1.17-6ubuntu4.4
libkrb5support0:amd64	1.17-6ubuntu4.4
libksba8:amd64	1.3.5-2ubuntu0.20.04.2
liblab-gamut1:amd64	2.42.2-3build2
liblapack-dev:amd64	3.9.0-1build1
liblapack3:amd64	3.9.0-1build1
liblbfgsb0:amd64	3.0+dfsg.3-7build1
liblcms2-2:amd64	2.9-4
liblcms2-utils	2.9-4
libldap-2.4-2:amd64	2.4.49+dfsg-2ubuntu1.10
libldap-common	2.4.49+dfsg-2ubuntu1.10
libldap2-dev:amd64	2.4.49+dfsg-2ubuntu1.10
libldb2:amd64	2:2.4.4-0ubuntu0.20.04.2
libldl2:amd64	1:5.7.1+dfsg-2
liblept5:amd64	1.79.0-1
liblilv-0-0:amd64	0.24.6-1ubuntu0.1
liblirc-client0:amd64	0.10.1-6.1ubuntu1.1
liblivemedia77:amd64	2020.01.19-1build1
libllvm10:amd64	1:10.0.0-4ubuntu1
libllvm12:amd64	1:12.0.0-3ubuntu1~20.04.5
libllvm12:i386	1:12.0.0-3ubuntu1~20.04.5
libllvm9:amd64	1:9.0.1-12
liblmdb0:amd64	0.9.24-1
liblocale-gettext-perl	1.07-4
liblog4cxx-dev:amd64	0.10.0-15ubuntu2
liblog4cxx10v5:amd64	0.10.0-15ubuntu2
liblouis-data	3.12.0-3ubuntu0.2
liblouis20:amd64	3.12.0-3ubuntu0.2
liblouisutdml-bin	2.8.0-3
liblouisutdml-data	2.8.0-3
liblouisutdml9:amd64	2.8.0-3
liblsan0:amd64	10.5.0-1ubuntu1~20.04
libltdl-dev:amd64	2.4.6-14
libltdl7:amd64	2.4.6-14
liblua5.2-0:amd64	5.2.4-1.1build3
liblwp-mediatypes-perl	6.04-1
liblwp-protocol-https-perl	6.07-2ubuntu2
liblz4-1:amd64	1.9.2-2ubuntu0.20.04.1
liblz4-dev:amd64	1.9.2-2ubuntu0.20.04.1
liblzma-dev:amd64	5.2.4-1ubuntu1.1
liblzma5:amd64	5.2.4-1ubuntu1.1
liblzo2-2:amd64	2.10-2
libmad0:amd64	0.15.1b-10ubuntu1
libmagic-mgc	1:5.38-4
libmagic1:amd64	1:5.38-4
libmail-sendmail-perl	0.80-1
libmailtools-perl	2.21-1
libmatroska6v5:amd64	1.5.2-3build1
libmaxminddb0:amd64	1.4.2-0ubuntu1.20.04.1
libmbim-glib4:amd64	1.26.2-1~ubuntu20.04.1
libmbim-proxy	1.26.2-1~ubuntu20.04.1
libmediaart-2.0-0:amd64	1.9.4-2
libmetis5:amd64	5.1.0.dfsg-5
libminizip-dev:amd64	1.1-8build1
libminizip1:amd64	1.1-8build1
libmm-glib0:amd64	1.18.6-1~ubuntu20.04.1
libmnl0:amd64	1.0.4-2
libmongoose2:amd64	1:5.7.1+dfsg-2
libmount-dev:amd64	2.34-0.1ubuntu9.6
libmount1:amd64	2.34-0.1ubuntu9.6
libmozjs-68-0:amd64	68.6.0-1ubuntu1
libmp3lame0:amd64	3.100-3
libmpc3:amd64	1.1.0-1
libmpcdec6:amd64	2:0.1~r495-2
libmpdec2:amd64	2.4.2-3
libmpeg2-4:amd64	0.5.1-9
libmpfr6:amd64	4.0.2-1
libmpg123-0:amd64	1.25.13-1
libmpx2:amd64	8.4.0-3ubuntu2
libmtdev1:amd64	1.1.5-1.1
libmtp-common	1.1.17-3
libmtp-runtime	1.1.17-3
libmtp9:amd64	1.1.17-3
libmutter-6-0:amd64	3.36.9-0ubuntu0.20.04.2
libmysofa1:amd64	1.0~dfsg0-1
libmysqlclient-dev	8.0.36-0ubuntu0.20.04.1
libmysqlclient21:amd64	8.0.36-0ubuntu0.20.04.1
libnautilus-extension1a:amd64	1:3.36.3-0ubuntu1.20.04.2
libncurses6:amd64	6.2-0ubuntu2.1
libncursesw6:amd64	6.2-0ubuntu2.1
libndp0:amd64	1.7-0ubuntu1
libnet-dbus-perl	1.2.0-1
libnet-http-perl	6.19-1
libnet-smtp-ssl-perl	1.04-1
libnet-ssleay-perl	1.88-2ubuntu1
libnetcdf-c++4	4.2-11build2
libnetcdf-cxx-legacy-dev	4.2-11build2
libnetcdf-dev	1:4.7.3-1
libnetcdf15:amd64	1:4.7.3-1
libnetfilter-conntrack3:amd64	1.0.7-2
libnetplan0:amd64	0.104-0ubuntu2~20.04.2
libnettle7:amd64	3.5.1+really3.5.1-2ubuntu0.2
libnewt0.52:amd64	0.52.21-4ubuntu2
libnfnetlink0:amd64	1.0.1-3build1
libnfs13:amd64	4.0.0-1
libnftnl11:amd64	1.1.5-1
libnghttp2-14:amd64	1.40.0-1ubuntu0.2
libnl-3-200:amd64	3.4.0-1ubuntu0.1
libnl-3-dev:amd64	3.4.0-1ubuntu0.1
libnl-genl-3-200:amd64	3.4.0-1ubuntu0.1
libnl-route-3-200:amd64	3.4.0-1ubuntu0.1
libnl-route-3-dev:amd64	3.4.0-1ubuntu0.1
libnm0:amd64	1.22.10-1ubuntu2.4
libnma0:amd64	1.8.24-1ubuntu3
libnode-dev:amd64	10.19.0~dfsg-3ubuntu1.6
libnode64:amd64	10.19.0~dfsg-3ubuntu1.6
libnorm-dev:amd64	1.5.8+dfsg2-2build1
libnorm1:amd64	1.5.8+dfsg2-2build1
libnotify-bin	0.7.9-1ubuntu3.20.04.2
libnotify4:amd64	0.7.9-1ubuntu3.20.04.2
libnpp-12-8	12.3.3.100-1
libnpp-dev-12-8	12.3.3.100-1
libnpth0:amd64	1.6-1
libnspr4:amd64	2:4.35-0ubuntu0.20.04.1
libnss-mdns:amd64	0.14.1-1ubuntu1
libnss-systemd:amd64	245.4-4ubuntu3.20
libnss3:amd64	2:3.98-0ubuntu0.20.04.2
libnss3-tools	2:3.98-0ubuntu0.20.04.2
libntfs-3g883	1:2017.3.23AR.3-3ubuntu1.3
libnuma-dev:amd64	2.0.12-1
libnuma1:amd64	2.0.12-1
libnvfatbin-12-8	12.8.90-1
libnvfatbin-dev-12-8	12.8.90-1
libnvidia-cfg1-535:amd64	535.171.04-0ubuntu0.20.04.1
libnvidia-common-535	535.171.04-0ubuntu0.20.04.1
libnvidia-compute-535:amd64	535.171.04-0ubuntu0.20.04.1
libnvidia-compute-535:i386	535.171.04-0ubuntu0.20.04.1
libnvidia-decode-535:amd64	535.171.04-0ubuntu0.20.04.1
libnvidia-decode-535:i386	535.171.04-0ubuntu0.20.04.1
libnvidia-encode-535:amd64	535.171.04-0ubuntu0.20.04.1
libnvidia-encode-535:i386	535.171.04-0ubuntu0.20.04.1
libnvidia-extra-535:amd64	535.171.04-0ubuntu0.20.04.1
libnvidia-fbc1-535:amd64	535.171.04-0ubuntu0.20.04.1
libnvidia-fbc1-535:i386	535.171.04-0ubuntu0.20.04.1
libnvidia-gl-535:amd64	535.171.04-0ubuntu0.20.04.1
libnvidia-gl-535:i386	535.171.04-0ubuntu0.20.04.1
libnvjitlink-12-8	12.8.93-1
libnvjitlink-dev-12-8	12.8.93-1
libnvjpeg-12-8	12.3.5.92-1
libnvjpeg-dev-12-8	12.3.5.92-1
liboctomap-dev:amd64	1.9.3+dfsg-2
liboctomap1.9:amd64	1.9.3+dfsg-2
libodbc1:amd64	2.3.6-0.1ubuntu0.1
libode-dev	2:0.16-3build1
libode8	2:0.16-3build1
libogdi-dev	4.1.0+ds-1build1
libogdi4.1	4.1.0+ds-1build1
libogg-dev:amd64	1.3.4-0ubuntu1
libogg0:amd64	1.3.4-0ubuntu1
libogre-1.9-dev	1.9.0+dfsg1-12build1
libogre-1.9.0v5:amd64	1.9.0+dfsg1-12build1
libomp-10-dev	1:10.0.0-4ubuntu1
libomp-dev	1:10.0-50~exp1
libomp5-10:amd64	1:10.0.0-4ubuntu1
libonig5:amd64	6.9.4-1
libopenal-data	1:1.19.1-1
libopenal1:amd64	1:1.19.1-1
libopencv-calib3d-dev:amd64	4.2.0+dfsg-5
libopencv-calib3d4.2:amd64	4.2.0+dfsg-5
libopencv-contrib-dev:amd64	4.2.0+dfsg-5
libopencv-contrib4.2:amd64	4.2.0+dfsg-5
libopencv-core-dev:amd64	4.2.0+dfsg-5
libopencv-core4.2:amd64	4.2.0+dfsg-5
libopencv-dev	4.2.0+dfsg-5
libopencv-dnn-dev:amd64	4.2.0+dfsg-5
libopencv-dnn4.2:amd64	4.2.0+dfsg-5
libopencv-features2d-dev:amd64	4.2.0+dfsg-5
libopencv-features2d4.2:amd64	4.2.0+dfsg-5
libopencv-flann-dev:amd64	4.2.0+dfsg-5
libopencv-flann4.2:amd64	4.2.0+dfsg-5
libopencv-highgui-dev:amd64	4.2.0+dfsg-5
libopencv-highgui4.2:amd64	4.2.0+dfsg-5
libopencv-imgcodecs-dev:amd64	4.2.0+dfsg-5
libopencv-imgcodecs4.2:amd64	4.2.0+dfsg-5
libopencv-imgproc-dev:amd64	4.2.0+dfsg-5
libopencv-imgproc4.2:amd64	4.2.0+dfsg-5
libopencv-ml-dev:amd64	4.2.0+dfsg-5
libopencv-ml4.2:amd64	4.2.0+dfsg-5
libopencv-objdetect-dev:amd64	4.2.0+dfsg-5
libopencv-objdetect4.2:amd64	4.2.0+dfsg-5
libopencv-photo-dev:amd64	4.2.0+dfsg-5
libopencv-photo4.2:amd64	4.2.0+dfsg-5
libopencv-shape-dev:amd64	4.2.0+dfsg-5
libopencv-shape4.2:amd64	4.2.0+dfsg-5
libopencv-stitching-dev:amd64	4.2.0+dfsg-5
libopencv-stitching4.2:amd64	4.2.0+dfsg-5
libopencv-superres-dev:amd64	4.2.0+dfsg-5
libopencv-superres4.2:amd64	4.2.0+dfsg-5
libopencv-ts-dev:amd64	4.2.0+dfsg-5
libopencv-video-dev:amd64	4.2.0+dfsg-5
libopencv-video4.2:amd64	4.2.0+dfsg-5
libopencv-videoio-dev:amd64	4.2.0+dfsg-5
libopencv-videoio4.2:amd64	4.2.0+dfsg-5
libopencv-videostab-dev:amd64	4.2.0+dfsg-5
libopencv-videostab4.2:amd64	4.2.0+dfsg-5
libopencv-viz-dev:amd64	4.2.0+dfsg-5
libopencv-viz4.2:amd64	4.2.0+dfsg-5
libopencv4.2-java	4.2.0+dfsg-5
libopencv4.2-jni	4.2.0+dfsg-5
libopenexr-dev	2.3.0-6ubuntu0.5
libopenexr24:amd64	2.3.0-6ubuntu0.5
libopengl-dev:amd64	1.3.2-1~ubuntu0.20.04.2
libopengl0:amd64	1.3.2-1~ubuntu0.20.04.2
libopenjp2-7:amd64	2.3.1-1ubuntu4.20.04.1
libopenjp2-7-dev	2.3.1-1ubuntu4.20.04.1
libopenmpi-dev:amd64	4.0.3-0ubuntu1
libopenmpi3:amd64	4.0.3-0ubuntu1
libopenmpt-modplug1:amd64	0.4.11-1build1
libopenmpt0:amd64	0.4.11-1build1
libopenni-dev	1.5.4.0+dfsg-4build1
libopenni-sensor-pointclouds0	5.1.0.41.9-3build1
libopenni0	1.5.4.0+dfsg-4build1
libopenni2-0	2.2.0.33+dfsg-13build1
libopenni2-dev	2.2.0.33+dfsg-13build1
libopus0:amd64	1.3.1-0ubuntu1
liborc-0.4-0:amd64	1:0.4.31-1
liborocos-kdl-dev:amd64	1.4.0-7ubuntu1
liborocos-kdl1.4	1.4.0-7ubuntu1
libp11-kit0:amd64	0.23.20-1ubuntu0.1
libpackagekit-glib2-18:amd64	1.1.13-2ubuntu1.1
libpam-cap:amd64	1:2.32-1ubuntu0.1
libpam-fprintd:amd64	1.90.9-1~ubuntu20.04.1
libpam-gnome-keyring:amd64	3.36.0-1ubuntu1
libpam-modules:amd64	1.3.1-5ubuntu4.7
libpam-modules-bin	1.3.1-5ubuntu4.7
libpam-runtime	1.3.1-5ubuntu4.7
libpam-systemd:amd64	245.4-4ubuntu3.20
libpam0g:amd64	1.3.1-5ubuntu4.7
libpango-1.0-0:amd64	1.44.7-2ubuntu4
libpango1.0-dev:amd64	1.44.7-2ubuntu4
libpangocairo-1.0-0:amd64	1.44.7-2ubuntu4
libpangoft2-1.0-0:amd64	1.44.7-2ubuntu4
libpangomm-1.4-1v5:amd64	2.42.0-2build1
libpangoxft-1.0-0:amd64	1.44.7-2ubuntu4
libpaper-utils	1.1.28
libpaper1:amd64	1.1.28
libparse-debianchangelog-perl	1.2.0-13
libparted-fs-resize0:amd64	3.3-4ubuntu0.20.04.1
libparted2:amd64	3.3-4ubuntu0.20.04.1
libpathplan4:amd64	2.42.2-3build2
libpcap-dev:amd64	1.9.1-3
libpcap0.8:amd64	1.9.1-3
libpcap0.8-dev:amd64	1.9.1-3
libpcaudio0:amd64	1.1-4
libpci3:amd64	1:3.6.4-1ubuntu0.20.04.1
libpciaccess0:amd64	0.16-0ubuntu1
libpciaccess0:i386	0.16-0ubuntu1
libpcl-apps1.10:amd64	1.10.0+dfsg-5ubuntu1
libpcl-common1.10:amd64	1.10.0+dfsg-5ubuntu1
libpcl-dev	1.10.0+dfsg-5ubuntu1
libpcl-features1.10:amd64	1.10.0+dfsg-5ubuntu1
libpcl-filters1.10:amd64	1.10.0+dfsg-5ubuntu1
libpcl-io1.10:amd64	1.10.0+dfsg-5ubuntu1
libpcl-kdtree1.10:amd64	1.10.0+dfsg-5ubuntu1
libpcl-keypoints1.10:amd64	1.10.0+dfsg-5ubuntu1
libpcl-ml1.10:amd64	1.10.0+dfsg-5ubuntu1
libpcl-octree1.10:amd64	1.10.0+dfsg-5ubuntu1
libpcl-outofcore1.10:amd64	1.10.0+dfsg-5ubuntu1
libpcl-people1.10:amd64	1.10.0+dfsg-5ubuntu1
libpcl-recognition1.10:amd64	1.10.0+dfsg-5ubuntu1
libpcl-registration1.10:amd64	1.10.0+dfsg-5ubuntu1
libpcl-sample-consensus1.10:amd64	1.10.0+dfsg-5ubuntu1
libpcl-search1.10:amd64	1.10.0+dfsg-5ubuntu1
libpcl-segmentation1.10:amd64	1.10.0+dfsg-5ubuntu1
libpcl-stereo1.10:amd64	1.10.0+dfsg-5ubuntu1
libpcl-surface1.10:amd64	1.10.0+dfsg-5ubuntu1
libpcl-tracking1.10:amd64	1.10.0+dfsg-5ubuntu1
libpcl-visualization1.10:amd64	1.10.0+dfsg-5ubuntu1
libpcre16-3:amd64	2:8.39-12ubuntu0.1
libpcre2-16-0:amd64	10.34-7ubuntu0.1
libpcre2-32-0:amd64	10.34-7ubuntu0.1
libpcre2-8-0:amd64	10.34-7ubuntu0.1
libpcre2-dev:amd64	10.34-7ubuntu0.1
libpcre2-posix2:amd64	10.34-7ubuntu0.1
libpcre3:amd64	2:8.39-12ubuntu0.1
libpcre3-dev:amd64	2:8.39-12ubuntu0.1
libpcre32-3:amd64	2:8.39-12ubuntu0.1
libpcrecpp0v5:amd64	2:8.39-12ubuntu0.1
libpcsclite1:amd64	1.8.26-3
libpeas-1.0-0:amd64	1.26.0-2
libpeas-common	1.26.0-2
libperl5.30:amd64	5.30.0-9ubuntu0.5
libpgm-5.2-0:amd64	5.2.122~dfsg-3ubuntu1
libpgm-dev:amd64	5.2.122~dfsg-3ubuntu1
libphonenumber7:amd64	7.1.0-5ubuntu11
libpinyin-data:amd64	2.3.0-1build1
libpinyin13:amd64	2.3.0-1build1
libpipeline1:amd64	1.5.2-2build1
libpipewire-0.2-1:amd64	0.2.7-1
libpixman-1-0:amd64	0.38.4-0ubuntu2.1
libpixman-1-dev:amd64	0.38.4-0ubuntu2.1
libpkcs11-helper1:amd64	1.26-1
libplacebo7:amd64	1.7.0-2
libplist3:amd64	2.1.0-4build2
libplymouth5:amd64	0.9.4git20200323-0ubuntu6.2
libpmix2:amd64	3.1.5-1
libpng-dev:amd64	1.6.37-2
libpng-tools	1.6.37-2
libpng16-16:amd64	1.6.37-2
libpoco-dev	1.9.2-3ubuntu3
libpococrypto62:amd64	1.9.2-3ubuntu3
libpocodata62:amd64	1.9.2-3ubuntu3
libpocodatamysql62:amd64	1.9.2-3ubuntu3
libpocodataodbc62:amd64	1.9.2-3ubuntu3
libpocodatasqlite62:amd64	1.9.2-3ubuntu3
libpocoencodings62:amd64	1.9.2-3ubuntu3
libpocofoundation62:amd64	1.9.2-3ubuntu3
libpocojson62:amd64	1.9.2-3ubuntu3
libpocomongodb62:amd64	1.9.2-3ubuntu3
libpoconet62:amd64	1.9.2-3ubuntu3
libpoconetssl62:amd64	1.9.2-3ubuntu3
libpocoredis62:amd64	1.9.2-3ubuntu3
libpocoutil62:amd64	1.9.2-3ubuntu3
libpocoxml62:amd64	1.9.2-3ubuntu3
libpocozip62:amd64	1.9.2-3ubuntu3
libpolkit-agent-1-0:amd64	0.105-26ubuntu1.3
libpolkit-gobject-1-0:amd64	0.105-26ubuntu1.3
libpoppler-cpp0v5:amd64	0.86.1-0ubuntu1.4
libpoppler-dev:amd64	0.86.1-0ubuntu1.4
libpoppler-glib8:amd64	0.86.1-0ubuntu1.4
libpoppler-private-dev:amd64	0.86.1-0ubuntu1.4
libpoppler97:amd64	0.86.1-0ubuntu1.4
libpopt0:amd64	1.16-14
libportaudio2:amd64	19.6.0-1build1
libportaudiocpp0:amd64	19.6.0-1build1
libpostproc-dev:amd64	7:4.2.7-0ubuntu0.1
libpostproc55:amd64	7:4.2.7-0ubuntu0.1
libpq-dev	12.18-0ubuntu0.20.04.1
libpq5:amd64	12.18-0ubuntu0.20.04.1
libpresage-data	0.9.1-2.1ubuntu9
libpresage1v5:amd64	0.9.1-2.1ubuntu9
libprocps8:amd64	2:3.3.16-1ubuntu2.4
libproj-dev:amd64	6.3.1-1
libproj15:amd64	6.3.1-1
libprotobuf-dev:amd64	3.6.1.3-2ubuntu5.2
libprotobuf-lite17:amd64	3.6.1.3-2ubuntu5.2
libprotobuf17:amd64	3.6.1.3-2ubuntu5.2
libprotoc-dev:amd64	3.6.1.3-2ubuntu5.2
libprotoc17:amd64	3.6.1.3-2ubuntu5.2
libproxy-tools	0.4.15-10ubuntu1.2
libproxy1-plugin-gsettings:amd64	0.4.15-10ubuntu1.2
libproxy1-plugin-networkmanager:amd64	0.4.15-10ubuntu1.2
libproxy1v5:amd64	0.4.15-10ubuntu1.2
libpsl5:amd64	0.21.0-1ubuntu1
libpsm-infinipath1	3.3+20.604758e7-6
libpsm2-2	11.2.86-1
libpthread-stubs0-dev:amd64	0.4-1
libpulse-dev:amd64	1:13.99.1-1ubuntu3.13
libpulse-mainloop-glib0:amd64	1:13.99.1-1ubuntu3.13
libpulse0:amd64	1:13.99.1-1ubuntu3.13
libpulsedsp:amd64	1:13.99.1-1ubuntu3.13
libpwquality-common	1.4.2-1build1
libpwquality1:amd64	1.4.2-1build1
libpyside2-dev	5.14.0-1~exp1ubuntu5
libpyside2-py3-5.14	5.14.0-1~exp1ubuntu5
libpython2-stdlib:amd64	2.7.17-2ubuntu4
libpython2.7-minimal:amd64	2.7.18-1~20.04.7
libpython2.7-stdlib:amd64	2.7.18-1~20.04.7
libpython3-dev:amd64	3.8.2-0ubuntu2
libpython3-stdlib:amd64	3.8.2-0ubuntu2
libpython3.8:amd64	3.8.10-0ubuntu1~20.04.18
libpython3.8-dev:amd64	3.8.10-0ubuntu1~20.04.18
libpython3.8-minimal:amd64	3.8.10-0ubuntu1~20.04.18
libpython3.8-stdlib:amd64	3.8.10-0ubuntu1~20.04.18
libqhull-dev:amd64	2015.2-4
libqhull-r7:amd64	2015.2-4
libqhull7:amd64	2015.2-4
libqmi-glib5:amd64	1.30.4-1~ubuntu20.04.1
libqmi-proxy	1.30.4-1~ubuntu20.04.1
libqpdf26:amd64	9.1.1-1ubuntu0.1
libqt5concurrent5:amd64	5.12.8+dfsg-0ubuntu2.1
libqt5core5a:amd64	5.12.8+dfsg-0ubuntu2.1
libqt5dbus5:amd64	5.12.8+dfsg-0ubuntu2.1
libqt5designer5:amd64	5.12.8-0ubuntu1
libqt5designercomponents5:amd64	5.12.8-0ubuntu1
libqt5gui5:amd64	5.12.8+dfsg-0ubuntu2.1
libqt5help5:amd64	5.12.8-0ubuntu1
libqt5network5:amd64	5.12.8+dfsg-0ubuntu2.1
libqt5opengl5:amd64	5.12.8+dfsg-0ubuntu2.1
libqt5opengl5-dev:amd64	5.12.8+dfsg-0ubuntu2.1
libqt5positioning5:amd64	5.12.8+dfsg-0ubuntu1
libqt5printsupport5:amd64	5.12.8+dfsg-0ubuntu2.1
libqt5qml5:amd64	5.12.8-0ubuntu1
libqt5quick5:amd64	5.12.8-0ubuntu1
libqt5quickparticles5:amd64	5.12.8-0ubuntu1
libqt5quickshapes5:amd64	5.12.8-0ubuntu1
libqt5quicktest5:amd64	5.12.8-0ubuntu1
libqt5quickwidgets5:amd64	5.12.8-0ubuntu1
libqt5sensors5:amd64	5.12.8-0ubuntu1
libqt5sql5:amd64	5.12.8+dfsg-0ubuntu2.1
libqt5sql5-sqlite:amd64	5.12.8+dfsg-0ubuntu2.1
libqt5svg5:amd64	5.12.8-0ubuntu1
libqt5test5:amd64	5.12.8+dfsg-0ubuntu2.1
libqt5webchannel5:amd64	5.12.8-0ubuntu1
libqt5webkit5:amd64	5.212.0~alpha4-1ubuntu2.1
libqt5webkit5-dev:amd64	5.212.0~alpha4-1ubuntu2.1
libqt5widgets5:amd64	5.12.8+dfsg-0ubuntu2.1
libqt5x11extras5:amd64	5.12.8-0ubuntu1
libqt5x11extras5-dev:amd64	5.12.8-0ubuntu1
libqt5xml5:amd64	5.12.8+dfsg-0ubuntu2.1
libquadmath0:amd64	10.5.0-1ubuntu1~20.04
libqwt-qt5-6	6.1.4-1.1build1
libqwt-qt5-dev	6.1.4-1.1build1
libraw1394-11:amd64	2.1.2-1
libraw1394-dev:amd64	2.1.2-1
libraw1394-tools	2.1.2-1
libraw19:amd64	0.19.5-1ubuntu1.3
librbio2:amd64	1:5.7.1+dfsg-2
librdmacm1:amd64	28.0-1ubuntu1
libreadline8:amd64	8.0-4
libresid-builder0c2a	2.1.1-15ubuntu2
librest-0.7-0:amd64	0.8.1-1
librhash0:amd64	1.3.9-1
libroken18-heimdal:amd64	7.7.0+dfsg-1ubuntu1.4
libros-rosgraph-msgs-dev:amd64	1.11.2-10
librosconsole-bridge-dev	0.5.3-1build1
librosconsole-bridge0d:amd64	0.5.3-1build1
librosconsole-dev	1.13.11-3build4
librosconsole3d:amd64	1.13.11-3build4
libroscpp-core-dev	0.6.13-1build1
libroscpp-dev:amd64	1.14.3+ds1-11ubuntu5
libroscpp-msg-dev:amd64	1.14.3+ds1-11ubuntu5
libroscpp-serialization0d:amd64	0.6.13-1build1
libroscpp2d:amd64	1.14.3+ds1-11ubuntu5
libroslib0d:amd64	1.14.7-3build2
librospack0d:amd64	2.5.4-2build2
librostime0d:amd64	0.6.13-1build1
librsvg2-2:amd64	2.48.9-1ubuntu0.20.04.4
librsvg2-common:amd64	2.48.9-1ubuntu0.20.04.4
librtmp1:amd64	2.4+20151223.gitfa8646d.1-2build1
librubberband2:amd64	1.8.2-1build1
libruby2.7:amd64	2.7.0-5ubuntu1.12
librygel-core-2.6-2:amd64	0.38.3-1ubuntu1
librygel-db-2.6-2:amd64	0.38.3-1ubuntu1
librygel-renderer-2.6-2:amd64	0.38.3-1ubuntu1
librygel-server-2.6-2:amd64	0.38.3-1ubuntu1
libsamplerate0:amd64	0.1.9-2
libsane:amd64	1.0.29-0ubuntu5.2
libsane-common	1.0.29-0ubuntu5.2
libsane-hpaio:amd64	3.20.3+dfsg0-2
libsasl2-2:amd64	2.1.27+dfsg-2ubuntu0.1
libsasl2-modules:amd64	2.1.27+dfsg-2ubuntu0.1
libsasl2-modules-db:amd64	2.1.27+dfsg-2ubuntu0.1
libsbc1:amd64	1.4-1
libsctp-dev:amd64	1.0.18+dfsg-1
libsctp1:amd64	1.0.18+dfsg-1
libsdformat9:amd64	9.8.0-1~focal
libsdformat9-dev:amd64	9.8.0-1~focal
libsdl-image1.2:amd64	1.2.12-12
libsdl-image1.2-dev:amd64	1.2.12-12
libsdl1.2-dev	1.2.15+dfsg2-5
libsdl1.2debian:amd64	1.2.15+dfsg2-5
libsdl2-2.0-0:amd64	2.0.10+dfsg1-3
libseccomp2:amd64	2.5.1-1ubuntu1~20.04.2
libsecret-1-0:amd64	0.20.4-0ubuntu1
libsecret-common	0.20.4-0ubuntu1
libselinux1:amd64	3.0-1build2
libselinux1-dev:amd64	3.0-1build2
libsemanage-common	3.0-1build2
libsemanage1:amd64	3.0-1build2
libsensors-config	1:3.6.0-2ubuntu1.1
libsensors5:amd64	1:3.6.0-2ubuntu1.1
libsensors5:i386	1:3.6.0-2ubuntu1.1
libsepol1:amd64	3.0-1ubuntu0.1
libsepol1-dev:amd64	3.0-1ubuntu0.1
libserd-0-0:amd64	0.30.2-1
libshiboken2-dev	5.14.0-1~exp1ubuntu5
libshiboken2-py3-5.14	5.14.0-1~exp1ubuntu5
libshine3:amd64	3.1.1-2
libshout3:amd64	2.4.3-1
libsidplay2	2.1.1-15ubuntu2
libsigc++-2.0-0v5:amd64	2.10.2-1build1
libsigsegv2:amd64	2.12-2
libsimbody-dev:amd64	3.6.1+dfsg-7build1
libsimbody3.6:amd64	3.6.1+dfsg-7build1
libslang2:amd64	2.3.2-4
libslang2-dev:amd64	2.3.2-4
libsm-dev:amd64	2:1.2.3-1
libsm6:amd64	2:1.2.3-1
libsmartcols1:amd64	2.34-0.1ubuntu9.6
libsmbclient:amd64	2:4.15.13+dfsg-0ubuntu0.20.04.7
libsmbios-c2	2.4.3-1
libsnapd-glib1:amd64	1.58-0ubuntu0.20.04.0
libsnappy1v5:amd64	1.1.8-1build1
libsndfile1:amd64	1.0.28-7ubuntu0.2
libsndio7.0:amd64	1.5.0-3
libsnmp-base	5.8+dfsg-2ubuntu2.6
libsnmp35:amd64	5.8+dfsg-2ubuntu2.6
libsocket++1:amd64	1.12.13-10build1
libsodium-dev:amd64	1.0.18-1
libsodium23:amd64	1.0.18-1
libsonic0:amd64	0.2.0-8
libsord-0-0:amd64	0.16.4-1
libsoup-gnome2.4-1:amd64	2.70.0-1
libsoup2.4-1:amd64	2.70.0-1
libsoxr0:amd64	0.1.3-2build1
libspatialaudio0:amd64	0.3.0+git20180730+dfsg1-2build1
libspatialite-dev:amd64	4.3.0a-6build1
libspatialite7:amd64	4.3.0a-6build1
libspectre1:amd64	0.2.8-2
libspeechd2:amd64	0.9.1-4
libspeex1:amd64	1.2~rc1.2-1.1ubuntu1.20.04.1
libspeexdsp1:amd64	1.2~rc1.2-1.1ubuntu1.20.04.1
libspnav0	0.2.3-1
libspqr2:amd64	1:5.7.1+dfsg-2
libsqlite3-0:amd64	3.31.1-4ubuntu0.6
libsqlite3-dev:amd64	3.31.1-4ubuntu0.6
libsratom-0-0:amd64	0.6.4-1
libsrt1:amd64	1.4.0-1build1
libss2:amd64	1.45.5-2ubuntu1.1
libssh-4:amd64	0.9.3-2ubuntu2.5
libssh-gcrypt-4:amd64	0.9.3-2ubuntu2.5
libssh2-1:amd64	1.8.0-2.1ubuntu0.1
libssl-dev:amd64	1.1.1f-1ubuntu2.22
libssl1.1:amd64	1.1.1f-1ubuntu2.22
libstartup-notification0:amd64	0.12-6
libstd-msgs-dev:amd64	0.5.12-2
libstdc++-9-dev:amd64	9.4.0-1ubuntu1~20.04.2
libstdc++6:amd64	10.5.0-1ubuntu1~20.04
libstdc++6:i386	10.5.0-1ubuntu1~20.04
libstemmer0d:amd64	0+svn585-2
libsub-name-perl	0.26-1
libsub-override-perl	0.09-2
libsuitesparse-dev:amd64	1:5.7.1+dfsg-2
libsuitesparseconfig5:amd64	1:5.7.1+dfsg-2
libsuperlu-dev:amd64	5.2.1+dfsg1-4
libsuperlu5:amd64	5.2.1+dfsg1-4
libswresample-dev:amd64	7:4.2.7-0ubuntu0.1
libswresample3:amd64	7:4.2.7-0ubuntu0.1
libswscale-dev:amd64	7:4.2.7-0ubuntu0.1
libswscale5:amd64	7:4.2.7-0ubuntu0.1
libsynctex2:amd64	2019.20190605.51237-3ubuntu0.2
libsys-hostname-long-perl	1.5-1
libsysmetrics1:amd64	1.6.1ubuntu0.1
libsystemback	1.8.9
libsystemd0:amd64	245.4-4ubuntu3.20
libsz2:amd64	1.0.4-1
libtag1v5:amd64	1.11.1+dfsg.1-0.3ubuntu2
libtag1v5-vanilla:amd64	1.11.1+dfsg.1-0.3ubuntu2
libtalloc2:amd64	2.3.3-0ubuntu0.20.04.1
libtar-dev:amd64	1.2.20-8
libtar0:amd64	1.2.20-8
libtasn1-6:amd64	4.16.0-2
libtbb-dev:amd64	2020.1-2
libtbb2:amd64	2020.1-2
libtcl8.6:amd64	8.6.10+dfsg-1
libtdb1:amd64	1.4.5-0ubuntu0.20.04.1
libteamdctl0:amd64	1.30-1
libtepl-4-0:amd64	4.4.0-1
libtesseract4:amd64	4.1.1-2build2
libtevent0:amd64	0.11.0-0ubuntu0.20.04.1
libtext-charwidth-perl	0.04-10
libtext-iconv-perl	1.7-7
libtext-wrapi18n-perl	0.06-9
libthai-data	0.1.28-3
libthai-dev:amd64	0.1.28-3
libthai0:amd64	0.1.28-3
libtheora-dev:amd64	1.1.1+dfsg.1-15ubuntu2
libtheora0:amd64	1.1.1+dfsg.1-15ubuntu2
libtie-ixhash-perl	1.23-2
libtiff-dev:amd64	4.1.0+git191117-2ubuntu0.20.04.12
libtiff5:amd64	4.1.0+git191117-2ubuntu0.20.04.12
libtiffxx5:amd64	4.1.0+git191117-2ubuntu0.20.04.12
libtimedate-perl	2.3200-1
libtinfo6:amd64	6.2-0ubuntu2.1
libtinfo6:i386	6.2-0ubuntu2.1
libtinyxml-dev:amd64	2.6.2-4+deb10u2build0.20.04.1
libtinyxml2-6a:amd64	7.0.0+dfsg-1build1
libtinyxml2-dev:amd64	7.0.0+dfsg-1build1
libtinyxml2.6.2v5:amd64	2.6.2-4+deb10u2build0.20.04.1
libtk8.6:amd64	8.6.10-1
libtool	2.4.6-14
libtotem-plparser-common	3.26.5-1ubuntu1
libtotem-plparser18:amd64	3.26.5-1ubuntu1
libtracker-control-2.0-0:amd64	2.3.6-0ubuntu1
libtracker-miner-2.0-0:amd64	2.3.6-0ubuntu1
libtracker-sparql-2.0-0:amd64	2.3.6-0ubuntu1
libtry-tiny-perl	0.30-1
libtsan0:amd64	10.5.0-1ubuntu1~20.04
libtss2-esys0	2.3.2-1ubuntu0.20.04.1
libtwolame0:amd64	0.4.0-2
libu2f-udev	1.1.10-1
libubsan1:amd64	10.5.0-1ubuntu1~20.04
libuchardet0:amd64	0.0.6-3build1
libudev1:amd64	245.4-4ubuntu3.20
libudisks2-0:amd64	2.8.4-1ubuntu2
libumfpack5:amd64	1:5.7.1+dfsg-2
libunistring2:amd64	0.9.10-2
libunistring2:i386	0.9.10-2
libunity-protocol-private0:amd64	7.1.4+19.04.20190319-0ubuntu3
libunity-scopes-json-def-desktop	7.1.4+19.04.20190319-0ubuntu3
libunity9:amd64	7.1.4+19.04.20190319-0ubuntu3
libunwind8:amd64	1.2.1-9build1
libupnp13:amd64	1:1.8.4-2ubuntu2
libupower-glib3:amd64	0.99.11-1build2
liburdf-dev	1.13.1-2build1
liburdf0d:amd64	1.13.1-2build1
liburdfdom-dev:amd64	1.0.4+ds-2
liburdfdom-headers-dev	1.0.4-1
liburdfdom-model:amd64	1.0.4+ds-2
liburdfdom-model-state:amd64	1.0.4+ds-2
liburdfdom-sensor:amd64	1.0.4+ds-2
liburdfdom-tools	1.0.4+ds-2
liburdfdom-world:amd64	1.0.4+ds-2
liburi-perl	1.76-2
liburiparser-dev	0.9.3-2
liburiparser1:amd64	0.9.3-2
libusageenvironment3:amd64	2020.01.19-1build1
libusb-1.0-0:amd64	2:1.0.23-2build1
libusb-1.0-0-dev:amd64	2:1.0.23-2build1
libusb-1.0-doc	2:1.0.23-2build1
libusbmuxd6:amd64	2.0.1-2
libutempter0:amd64	1.1.6-4
libuuid1:amd64	2.34-0.1ubuntu9.6
libuv1:amd64	1.34.2-1ubuntu1.5
libuv1-dev:amd64	1.34.2-1ubuntu1.5
libuvc-dev	0.0.6-1
libuvc0	0.0.6-1
libv4l-0:amd64	1.18.0-2build1
libv4l2rds0:amd64	1.18.0-2build1
libv4lconvert0:amd64	1.18.0-2build1
libva-drm2:amd64	2.7.0-2
libva-wayland2:amd64	2.7.0-2
libva-x11-2:amd64	2.7.0-2
libva2:amd64	2.7.0-2
libvdpau1:amd64	1.3-1ubuntu2
libvidstab1.1:amd64	1.1.0-2
libvisual-0.4-0:amd64	0.4.0-17
libvlc-bin:amd64	3.0.9.2-1
libvlc5:amd64	3.0.9.2-1
libvlccore9:amd64	3.0.9.2-1
libvolume-key1	0.3.12-3.1
libvorbis0a:amd64	1.3.6-2ubuntu1
libvorbisenc2:amd64	1.3.6-2ubuntu1
libvorbisfile3:amd64	1.3.6-2ubuntu1
libvpx6:amd64	1.8.2-1ubuntu0.2
libvte-2.91-0:amd64	0.60.3-0ubuntu1~20.04
libvte-2.91-common	0.60.3-0ubuntu1~20.04
libvtk6.3	6.3.0+dfsg2-5build2
libvtk7-dev	7.1.1+dfsg2-2ubuntu1
libvtk7-java	7.1.1+dfsg2-2ubuntu1
libvtk7-jni	7.1.1+dfsg2-2ubuntu1
libvtk7-qt-dev	7.1.1+dfsg2-2ubuntu1
libvtk7.1p	7.1.1+dfsg2-2ubuntu1
libvtk7.1p-qt	7.1.1+dfsg2-2ubuntu1
libvulkan-dev:amd64	1.2.131.2-1
libvulkan1:amd64	1.2.131.2-1
libvulkan1:i386	1.2.131.2-1
libwacom-bin	1.3-2ubuntu3
libwacom-common	1.3-2ubuntu3
libwacom2:amd64	1.3-2ubuntu3
libwavpack1:amd64	5.2.0-1ubuntu0.1
libwayland-client0:amd64	1.18.0-1ubuntu0.1
libwayland-client0:i386	1.18.0-1ubuntu0.1
libwayland-cursor0:amd64	1.18.0-1ubuntu0.1
libwayland-egl1:amd64	1.18.0-1ubuntu0.1
libwayland-server0:amd64	1.18.0-1ubuntu0.1
libwbclient0:amd64	2:4.15.13+dfsg-0ubuntu0.20.04.7
libwebkit2gtk-4.0-37:amd64	2.38.6-0ubuntu0.20.04.1
libwebp-dev:amd64	0.6.1-2ubuntu0.20.04.3
libwebp6:amd64	0.6.1-2ubuntu0.20.04.3
libwebpdemux2:amd64	0.6.1-2ubuntu0.20.04.3
libwebpmux3:amd64	0.6.1-2ubuntu0.20.04.3
libwebrtc-audio-processing1:amd64	0.3.1-0ubuntu3
libwhoopsie-preferences0	22
libwhoopsie0:amd64	0.2.69ubuntu0.3
libwind0-heimdal:amd64	7.7.0+dfsg-1ubuntu1.4
libwmf0.2-7:amd64	0.2.8.4-17ubuntu1
libwmf0.2-7-gtk	0.2.8.4-17ubuntu1
libwnck-3-0:amd64	3.36.0-1
libwnck-3-common	3.36.0-1
libwoff1:amd64	1.0.2-1build2
libwrap0:amd64	7.6.q-30
libwww-perl	6.43-1
libwww-robotrules-perl	6.02-1
libx11-6:amd64	2:1.6.9-2ubuntu1.6
libx11-6:i386	2:1.6.9-2ubuntu1.6
libx11-data	2:1.6.9-2ubuntu1.6
libx11-dev:amd64	2:1.6.9-2ubuntu1.6
libx11-protocol-perl	0.56-7
libx11-xcb1:amd64	2:1.6.9-2ubuntu1.6
libx11-xcb1:i386	2:1.6.9-2ubuntu1.6
libx264-155:amd64	2:0.155.2917+git0a84d98-2
libx265-179:amd64	3.2.1-1build1
libxapian30:amd64	1.4.14-2
libxatracker2:amd64	21.2.6-0ubuntu0.1~20.04.2
libxau-dev:amd64	1:1.0.9-0ubuntu1
libxau6:amd64	1:1.0.9-0ubuntu1
libxau6:i386	1:1.0.9-0ubuntu1
libxaw7:amd64	2:1.0.13-1
libxcb-cursor0:amd64	0.1.1-4ubuntu1
libxcb-dri2-0:amd64	1.14-2
libxcb-dri2-0:i386	1.14-2
libxcb-dri3-0:amd64	1.14-2
libxcb-dri3-0:i386	1.14-2
libxcb-glx0:amd64	1.14-2
libxcb-glx0:i386	1.14-2
libxcb-icccm4:amd64	0.4.1-1.1
libxcb-image0:amd64	0.4.0-1build1
libxcb-keysyms1:amd64	0.4.0-1build1
libxcb-present0:amd64	1.14-2
libxcb-present0:i386	1.14-2
libxcb-randr0:amd64	1.14-2
libxcb-randr0:i386	1.14-2
libxcb-render-util0:amd64	0.3.9-1build1
libxcb-render0:amd64	1.14-2
libxcb-render0-dev:amd64	1.14-2
libxcb-res0:amd64	1.14-2
libxcb-shape0:amd64	1.14-2
libxcb-shm0:amd64	1.14-2
libxcb-shm0:i386	1.14-2
libxcb-shm0-dev:amd64	1.14-2
libxcb-sync1:amd64	1.14-2
libxcb-sync1:i386	1.14-2
libxcb-util1:amd64	0.4.0-0ubuntu3
libxcb-xfixes0:amd64	1.14-2
libxcb-xfixes0:i386	1.14-2
libxcb-xinerama0:amd64	1.14-2
libxcb-xinput0:amd64	1.14-2
libxcb-xkb1:amd64	1.14-2
libxcb-xv0:amd64	1.14-2
libxcb1:amd64	1.14-2
libxcb1:i386	1.14-2
libxcb1-dev:amd64	1.14-2
libxcomposite-dev:amd64	1:0.4.5-1
libxcomposite1:amd64	1:0.4.5-1
libxcursor-dev:amd64	1:1.2.0-2
libxcursor1:amd64	1:1.2.0-2
libxdamage-dev:amd64	1:1.1.5-2
libxdamage1:amd64	1:1.1.5-2
libxdmcp-dev:amd64	1:1.1.3-0ubuntu1
libxdmcp6:amd64	1:1.1.3-0ubuntu1
libxdmcp6:i386	1:1.1.3-0ubuntu1
libxdo3:amd64	1:3.20160805.1-4
libxerces-c-dev	3.2.2+debian-1ubuntu0.2
libxerces-c3.2:amd64	3.2.2+debian-1ubuntu0.2
libxext-dev:amd64	2:1.3.4-0ubuntu1
libxext6:amd64	2:1.3.4-0ubuntu1
libxext6:i386	2:1.3.4-0ubuntu1
libxfixes-dev:amd64	1:5.0.3-2
libxfixes3:amd64	1:5.0.3-2
libxfixes3:i386	1:5.0.3-2
libxfont2:amd64	1:2.0.3-1
libxft-dev:amd64	2.3.3-0ubuntu1
libxft2:amd64	2.3.3-0ubuntu1
libxi-dev:amd64	2:1.7.10-0ubuntu1
libxi6:amd64	2:1.7.10-0ubuntu1
libxinerama-dev:amd64	2:1.1.4-2
libxinerama1:amd64	2:1.1.4-2
libxkbcommon-x11-0:amd64	0.10.0-1
libxkbcommon0:amd64	0.10.0-1
libxkbfile1:amd64	1:1.1.0-1
libxklavier16:amd64	5.4-4
libxml-parser-perl	2.46-1
libxml-twig-perl	1:3.50-2
libxml-xpathengine-perl	0.14-1
libxml2:amd64	2.9.10+dfsg-5ubuntu0.20.04.7
libxml2-dev:amd64	2.9.10+dfsg-5ubuntu0.20.04.7
libxml2-utils	2.9.10+dfsg-5ubuntu0.20.04.7
libxmlb1:amd64	0.1.15-2ubuntu1~20.04.1
libxmlb2:amd64	0.3.6-2build1~20.04.1
libxmlrpcpp-dev:amd64	1.14.3+ds1-11ubuntu5
libxmlrpcpp2d:amd64	1.14.3+ds1-11ubuntu5
libxmu-dev:amd64	2:1.1.3-0ubuntu1
libxmu-headers	2:1.1.3-0ubuntu1
libxmu6:amd64	2:1.1.3-0ubuntu1
libxmuu1:amd64	2:1.1.3-0ubuntu1
libxnvctrl0:amd64	470.57.01-0ubuntu0.20.04.3
libxpm4:amd64	1:3.5.12-1ubuntu0.20.04.2
libxrandr-dev:amd64	2:1.5.2-0ubuntu1
libxrandr2:amd64	2:1.5.2-0ubuntu1
libxrender-dev:amd64	1:0.9.10-1
libxrender1:amd64	1:0.9.10-1
libxres1:amd64	2:1.2.0-4
libxshmfence1:amd64	1.3-1
libxshmfence1:i386	1.3-1
libxslt1.1:amd64	1.1.34-4ubuntu0.20.04.1
libxss-dev:amd64	1:1.2.3-1
libxss1:amd64	1:1.2.3-1
libxt-dev:amd64	1:1.1.5-1
libxt6:amd64	1:1.1.5-1
libxtables12:amd64	1.8.4-3ubuntu2
libxtst6:amd64	2:1.2.3-1
libxv1:amd64	2:1.0.11-1
libxvidcore4:amd64	2:1.3.7-1
libxvmc1:amd64	2:1.0.12-2
libxxf86dga1:amd64	2:1.1.5-0ubuntu1
libxxf86vm1:amd64	1:1.1.4-1build1
libxxf86vm1:i386	1:1.1.4-1build1
libyaml-0-2:amd64	0.2.2-1
libyaml-cpp-dev	0.6.2-4ubuntu1
libyaml-cpp0.6:amd64	0.6.2-4ubuntu1
libyaml-dev:amd64	0.2.2-1
libyelp0:amd64	3.36.2-0ubuntu1
libzip-dev:amd64	1.5.1-0ubuntu1
libzip5:amd64	1.5.1-0ubuntu1
libzmq3-dev:amd64	4.3.2-2ubuntu1
libzmq5:amd64	4.3.2-2ubuntu1
libzstd-dev:amd64	1.4.4+dfsg-3ubuntu0.1
libzstd1:amd64	1.4.4+dfsg-3ubuntu0.1
libzstd1:i386	1.4.4+dfsg-3ubuntu0.1
libzvbi-common	0.2.35-17
libzvbi0:amd64	0.2.35-17
libzzip-0-13:amd64	0.13.62-3.2ubuntu1.1
linux-base	4.5ubuntu3.7
linux-firmware	1.187.36
linux-generic-hwe-20.04	5.15.0.102.112~20.04.1
linux-headers-5.15.0-102-generic	5.15.0-102.112~20.04.1
linux-headers-5.15.0-67-generic	5.15.0-67.74~20.04.1
linux-headers-generic-hwe-20.04	5.15.0.102.112~20.04.1
linux-hwe-5.15-headers-5.15.0-102	5.15.0-102.112~20.04.1
linux-hwe-5.15-headers-5.15.0-67	5.15.0-67.74~20.04.1
linux-image-5.15.0-102-generic	5.15.0-102.112~20.04.1
linux-image-5.15.0-67-generic	5.15.0-67.74~20.04.1
linux-image-generic-hwe-20.04	5.15.0.102.112~20.04.1
linux-libc-dev:amd64	5.4.0-176.196
linux-modules-5.15.0-102-generic	5.15.0-102.112~20.04.1
linux-modules-5.15.0-67-generic	5.15.0-67.74~20.04.1
linux-modules-extra-5.15.0-102-generic	5.15.0-102.112~20.04.1
linux-modules-extra-5.15.0-67-generic	5.15.0-67.74~20.04.1
linux-sound-base	1.0.25+dfsg-0ubuntu5
lm-sensors	1:3.6.0-2ubuntu1.1
localechooser-data	2.71ubuntu4
locales	2.31-0ubuntu9.14
login	1:4.8.1-1ubuntu5.20.04.5
logrotate	3.14.0-4ubuntu3
logsave	1.45.5-2ubuntu1.1
lsb-base	11.1.0ubuntu2
lsb-release	11.1.0ubuntu2
lshw	02.18.85-0.3ubuntu2.20.04.1
lsof	4.93.2+dfsg-1ubuntu0.20.04.1
ltrace	0.7.3-6.1ubuntu1
lupin-casper	0.57build1
lz4	1.9.2-2ubuntu0.20.04.1
m4	1.4.18-4
make	4.2.1-1.2
man-db	2.9.1-1
manpages	5.05-1
manpages-dev	5.05-1
mawk	1.3.4.20200120-2
memtest86+	5.01-3.1ubuntu2.1
mesa-va-drivers:amd64	21.2.6-0ubuntu0.1~20.04.2
mesa-vdpau-drivers:amd64	21.2.6-0ubuntu0.1~20.04.2
mesa-vulkan-drivers:amd64	21.2.6-0ubuntu0.1~20.04.2
mesa-vulkan-drivers:i386	21.2.6-0ubuntu0.1~20.04.2
mime-support	3.64ubuntu1
mlocate	0.26-3ubuntu3
mobile-broadband-provider-info	20190618-3
modemmanager	1.18.6-1~ubuntu20.04.1
mokutil	0.6.0-2~20.04.2
mount	2.34-0.1ubuntu9.6
mousetweaks	3.32.0-2
mpi-default-bin	1.13
mpi-default-dev	1.13
mscompress	0.4-7
mtools	4.0.24-1
mtr-tiny	0.93-1
mutter	3.36.9-0ubuntu0.20.04.2
mutter-common	3.36.9-0ubuntu0.20.04.2
mysql-common	5.8+1.0.5ubuntu2
nano	4.8-1ubuntu1
nautilus	1:3.36.3-0ubuntu1.20.04.2
nautilus-data	1:3.36.3-0ubuntu1.20.04.2
nautilus-extension-gnome-terminal	3.36.2-1ubuntu1~20.04
nautilus-sendto	3.8.6-3ubuntu0.20.04.1
nautilus-share	0.7.3-2ubuntu3
ncurses-base	6.2-0ubuntu2.1
ncurses-bin	6.2-0ubuntu2.1
ncurses-term	6.2-0ubuntu2.1
net-tools	1.60+git20180626.aebd88e-1ubuntu1
netbase	6.1
netcat-openbsd	1.206-1ubuntu1
netplan.io	0.104-0ubuntu2~20.04.2
network-manager	1.22.10-1ubuntu2.4
network-manager-config-connectivity-ubuntu	1.22.10-1ubuntu2.4
network-manager-gnome	1.8.24-1ubuntu3
network-manager-openvpn	1.8.12-1
network-manager-openvpn-gnome	1.8.12-1
network-manager-pptp	1.2.8-2
network-manager-pptp-gnome	1.2.8-2
networkd-dispatcher	2.1-2~ubuntu20.04.3
node-abbrev	1.1.1-2
node-ajv	6.10.2-1
node-ansi	0.3.1-1
node-ansi-align	3.0.0-1
node-ansi-regex	5.0.0-1
node-ansi-styles	4.2.1-1
node-ansistyles	0.1.3-2
node-aproba	2.0.0-1
node-archy	1.0.0-3
node-are-we-there-yet	1.1.5-1
node-asap	2.0.6-2
node-asn1	0.2.3-2
node-assert-plus	1.0.0-2
node-asynckit	0.4.0-3
node-aws-sign2	0.7.1-2
node-aws4	1.9.0-1
node-balanced-match	1.0.0-1
node-bcrypt-pbkdf	1.0.2-1
node-bl	4.0.0-2
node-bluebird	3.5.1+dfsg2-2build1
node-boxen	4.2.0-2
node-brace-expansion	1.1.11-1
node-builtin-modules	3.1.0-1
node-builtins	1.0.3-1
node-cacache	11.3.3-2
node-call-limit	1.1.1-1
node-camelcase	5.3.1-1
node-caseless	0.12.0-1
node-chalk	2.4.2-1
node-chownr	1.1.3-3
node-ci-info	2.0.0-1
node-cli-boxes	2.2.0-2
node-cliui	4.1.0-2
node-clone	2.1.2-1
node-co	4.6.0-1
node-color-convert	1.9.3-1
node-color-name	1.1.3-1
node-colors	1.4.0-1
node-columnify	1.5.4-1
node-combined-stream	1.0.8-1
node-concat-map	0.0.1-2
node-concat-stream	1.6.2-1
node-config-chain	1.1.12-1
node-configstore	5.0.1-1
node-console-control-strings	1.1.0-1
node-copy-concurrently	1.0.5-4
node-core-util-is	1.0.2-1
node-cross-spawn	5.1.0-2
node-crypto-random-string	1.0.0-1
node-cyclist	1.0.1-2
node-dashdash	1.14.1-2
node-debug	4.1.1-2
node-decamelize	1.2.0-1
node-decompress-response	3.3.0-1
node-deep-extend	0.6.0-1
node-defaults	1.0.3-1
node-define-properties	1.1.3-1
node-delayed-stream	1.0.0-4
node-delegates	1.0.0-1
node-detect-indent	5.0.0-1
node-detect-newline	2.1.0-1
node-dot-prop	5.2.0-1
node-duplexer3	0.1.4-5
node-duplexify	4.1.1-1
node-ecc-jsbn	0.2.0-2
node-editor	1.0.0-1
node-encoding	0.1.12-3
node-end-of-stream	1.4.4-1
node-err-code	2.0.0+dfsg-1
node-errno	0.1.7-1
node-es6-promise	4.2.8-6
node-escape-string-regexp	1.0.5-1
node-execa	0.10.0+dfsg-1
node-extend	3.0.2-1
node-extsprintf	1.3.0-1
node-fast-deep-equal	1.1.0-1
node-find-up	4.1.0-2
node-flush-write-stream	2.0.0-2
node-forever-agent	0.6.1-2
node-form-data	3.0.0-2
node-from2	2.3.0-1
node-fs-vacuum	1.2.10-3
node-fs-write-stream-atomic	1.0.10-4
node-fs.realpath	1.0.0-1
node-function-bind	1.1.1+repack-1
node-gauge	2.7.4-1
node-genfun	5.0.0-1
node-get-caller-file	1.0.2-1
node-get-stream	4.1.0-1
node-getpass	0.1.7-1
node-glob	7.1.6-1
node-got	7.1.0-1
node-graceful-fs	4.2.3-2
node-gyp	6.1.0-3
node-har-schema	2.0.0-3
node-har-validator	5.1.3-1
node-has-flag	4.0.0-1
node-has-symbol-support-x	1.4.1+dfsg-1
node-has-to-string-tag-x	1.4.1+dfsg-1
node-has-unicode	2.0.1-2
node-hosted-git-info	2.8.5-1
node-http-signature	1.3.2-1
node-iconv-lite	0.4.23-1
node-iferr	1.0.2-1
node-import-lazy	3.0.0.REALLY.2.1.0-1
node-imurmurhash	0.1.4-1
node-inflight	1.0.6-1
node-inherits	2.0.4-1
node-ini	1.3.5-1
node-invert-kv	1.0.0-1
node-ip	1.1.5-5
node-ip-regex	4.1.0-2
node-is-npm	1.0.0-1
node-is-obj	1.0.1-2
node-is-object	1.0.1-1
node-is-path-inside	1.0.1-1
node-is-plain-obj	1.1.0-1
node-is-retry-allowed	1.1.0-1
node-is-stream	1.1.0-1
node-is-typedarray	1.0.0-2
node-isarray	2.0.5-1
node-isexe	2.0.0-4
node-isstream	0.1.2+dfsg-1
node-isurl	4.0.1-2
node-jsbn	1.1.0-1
node-json-parse-better-errors	1.0.2-2
node-json-schema	0.2.3-1+deb10u1build0.20.04.1
node-json-schema-traverse	0.3.1-1
node-json-stable-stringify	1.0.1-1
node-json-stringify-safe	5.0.1+repack-2
node-jsonify	0.0.0-1
node-jsonparse	1.3.1-7
node-jsonstream	1.3.5-1
node-jsprim	1.4.1-1
node-latest-version	3.1.0-1
node-lazy-property	1.0.0-3
node-lcid	1.0.0-1
node-libnpx	10.2.1-2
node-locate-path	5.0.0-2
node-lockfile	1.0.4-3
node-lodash	4.17.15+dfsg-2
node-lodash-packages	4.17.15+dfsg-2
node-lowercase-keys	2.0.0-1
node-lru-cache	5.1.1-5
node-make-dir	3.0.2-1
node-mem	1.1.0-1
node-mime	2.4.4+dfsg-1
node-mime-types	2.1.25-1
node-mimic-fn	3.0.0-1
node-mimic-response	2.1.0-1
node-minimatch	3.0.4-4ubuntu0.1
node-minimist	1.2.5-1
node-mississippi	3.0.0-1
node-mkdirp	0.5.1-2
node-move-concurrently	1.0.1-2
node-ms	2.1.1-1
node-mute-stream	0.0.8-2
node-nopt	3.0.6-4
node-normalize-package-data	2.5.0-1
node-npm-bundled	1.1.1-1
node-npm-package-arg	6.1.1-1
node-npm-run-path	2.0.2-2
node-npmlog	4.1.2-2
node-number-is-nan	2.0.0-1
node-oauth-sign	0.9.0-2
node-object-assign	4.1.1-3
node-once	1.4.0-3
node-opener	1.5.1-1
node-os-locale	4.0.0-1
node-os-tmpdir	1.0.2-1
node-osenv	0.1.5-1
node-p-cancelable	0.3.0-1
node-p-finally	1.0.0-2
node-p-is-promise	3.0.0-1
node-p-limit	2.2.2-1
node-p-locate	2.0.0-1
node-p-timeout	1.2.0-1
node-package-json	4.0.1-1
node-parallel-transform	1.1.0-2
node-path-exists	4.0.0-2
node-path-is-absolute	2.0.0-1
node-path-is-inside	1.0.2-1
node-performance-now	2.1.0+debian-1
node-pify	3.0.0-1
node-prepend-http	2.0.0-1
node-process-nextick-args	2.0.0-1
node-promise-inflight	1.0.1-1
node-promise-retry	1.1.1-4
node-promzard	0.3.0-1
node-proto-list	1.2.4-1
node-prr	1.0.1-1
node-pseudomap	1.0.2-1
node-psl	1.7.0+ds-1
node-pump	3.0.0-2
node-pumpify	2.0.1-1
node-punycode	2.1.1-3
node-qs	6.9.1+ds-1
node-qw	1.0.1-1
node-rc	1.2.8-1
node-read	1.0.7-2
node-read-package-json	2.1.1-1
node-readable-stream	3.4.0-2
node-registry-auth-token	3.3.1-1
node-registry-url	3.1.0-1
node-request	2.88.1-4
node-require-directory	2.1.1-1
node-require-main-filename	1.0.1-1
node-resolve	1.15.1-3
node-resolve-from	4.0.0-1
node-retry	0.12.0-1
node-rimraf	2.6.3-1
node-run-queue	1.0.3-1
node-safe-buffer	5.2.0-1
node-semver	7.1.3-1
node-semver-diff	2.1.0-2
node-set-blocking	2.0.0-1
node-sha	3.0.0-1
node-shebang-command	1.2.0-1
node-shebang-regex	2.0.0-1
node-signal-exit	3.0.2-1
node-slash	3.0.0-1
node-slide	1.1.6-2
node-sorted-object	2.0.1-1
node-spdx-correct	3.1.0-1
node-spdx-exceptions	2.2.0-1
node-spdx-expression-parse	3.0.0-1
node-spdx-license-ids	3.0.5-1
node-sshpk	1.16.1+dfsg-2
node-ssri	7.1.0-2
node-stream-each	1.2.3-1
node-stream-iterate	1.2.0-4
node-stream-shift	1.0.0-1
node-strict-uri-encode	2.0.0-1
node-string-decoder	1.2.0-2
node-string-width	2.1.1-1
node-strip-ansi	6.0.0-2
node-strip-eof	1.0.0-2
node-strip-json-comments	3.0.1-3
node-supports-color	6.1.0-2
node-tar	4.4.10+ds1-2ubuntu1
node-term-size	1.2.0+dfsg-2
node-text-table	0.2.0-2
node-through	2.3.8-1
node-through2	3.0.1-2
node-timed-out	4.0.1-5
node-tough-cookie	3.0.0-1
node-tunnel-agent	0.6.1-2
node-tweetnacl	1.0.1+dfsg-2
node-typedarray	0.0.6-1
node-typedarray-to-buffer	3.0.3-3
node-uid-number	0.0.6-1ubuntu0.20.04.1
node-unique-filename	1.1.1+ds-1
node-unique-string	1.0.0-1
node-unpipe	1.0.0-1
node-uri-js	4.2.2+dfsg-5
node-url-parse-lax	1.0.0-1
node-url-to-options	1.0.1-1
node-util-deprecate	1.0.2-1
node-uuid	3.3.2-2
node-validate-npm-package-license	3.0.4-1
node-validate-npm-package-name	3.0.0-1
node-verror	1.10.0-1
node-wcwidth.js	1.0.0-1
node-which	2.0.2-1
node-which-module	2.0.0-1
node-wide-align	1.1.3-1
node-widest-line	3.1.0-1
node-wrap-ansi	4.0.0-2
node-wrappy	1.0.2-1
node-write-file-atomic	3.0.3-1
node-xdg-basedir	3.0.0-1
node-xtend	4.0.2-1
node-y18n	4.0.0-2
node-yallist	4.0.0-1
node-yargs	15.3.0-1
node-yargs-parser	18.1.1-1
nodejs	10.19.0~dfsg-3ubuntu1.6
nodejs-doc	10.19.0~dfsg-3ubuntu1.6
nomachine	8.11.3-4
npm	6.14.4+ds-1ubuntu2
nsight-compute-2025.1.1	2025.1.1.2-1
nsight-systems-2024.6.2	2024.6.2.225-246235244400v0
ntfs-3g	1:2017.3.23AR.3-3ubuntu1.3
nvidia-compute-utils-535	535.171.04-0ubuntu0.20.04.1
nvidia-dkms-535	535.171.04-0ubuntu0.20.04.1
nvidia-driver-535	535.171.04-0ubuntu0.20.04.1
nvidia-firmware-535-535.171.04	535.171.04-0ubuntu0.20.04.1
nvidia-kernel-common-535	535.171.04-0ubuntu0.20.04.1
nvidia-kernel-source-535	535.171.04-0ubuntu0.20.04.1
nvidia-prime	0.8.16~0.20.04.2
nvidia-settings	470.57.01-0ubuntu0.20.04.3
nvidia-utils-535	535.171.04-0ubuntu0.20.04.1
ocl-icd-libopencl1:amd64	2.2.11-1ubuntu1
odbcinst	2.3.6-0.1ubuntu0.1
odbcinst1debian2:amd64	2.3.6-0.1ubuntu0.1
opencv-data	4.2.0+dfsg-5
openjdk-11-jre:amd64	11.0.27+6~us1-0ubuntu1~20.04
openjdk-11-jre-headless:amd64	11.0.27+6~us1-0ubuntu1~20.04
openmpi-bin	4.0.3-0ubuntu1
openmpi-common	4.0.3-0ubuntu1
openni-utils	1.5.4.0+dfsg-4build1
openprinting-ppds	20200401-1
openssh-client	1:8.2p1-4ubuntu0.11
openssh-server	1:8.2p1-4ubuntu0.11
openssh-sftp-server	1:8.2p1-4ubuntu0.11
openssl	1.1.1f-1ubuntu2.22
openvpn	2.4.7-1ubuntu2.20.04.4
orca	3.36.2-1ubuntu1~20.04.2
os-prober	1.74ubuntu2
p11-kit	0.23.20-1ubuntu0.1
p11-kit-modules:amd64	0.23.20-1ubuntu0.1
p7zip	16.02+dfsg-7build1
p7zip-full	16.02+dfsg-7build1
packagekit	1.1.13-2ubuntu1.1
packagekit-tools	1.1.13-2ubuntu1.1
pango1.0-tools	1.44.7-2ubuntu4
parted	3.3-4ubuntu0.20.04.1
passwd	1:4.8.1-1ubuntu5.20.04.5
patch	2.7.6-6
pci.ids	0.0~2020.03.20-1
pciutils	1:3.6.4-1ubuntu0.20.04.1
pcmciautils	018-11
perl	5.30.0-9ubuntu0.5
perl-base	5.30.0-9ubuntu0.5
perl-modules-5.30	5.30.0-9ubuntu0.5
perl-openssl-defaults:amd64	4
pinentry-curses	1.1.0-3build1
pinentry-gnome3	1.1.0-3build1
pkg-config	0.29.1-0ubuntu4
plymouth	0.9.4git20200323-0ubuntu6.2
plymouth-label	0.9.4git20200323-0ubuntu6.2
plymouth-theme-spinner	0.9.4git20200323-0ubuntu6.2
plymouth-theme-ubuntu-text	0.9.4git20200323-0ubuntu6.2
po-debconf	1.0.21
policykit-1	0.105-26ubuntu1.3
policykit-desktop-privileges	0.21
poppler-data	0.4.9-2
poppler-utils	0.86.1-0ubuntu1.4
popularity-contest	1.69ubuntu1
portaudio19-dev:amd64	19.6.0-1build1
powermgmt-base	1.36
ppp	2.4.7-2+4.1ubuntu5.1
pptp-linux	1.10.0-1build1
presage	0.9.1-2.1ubuntu9
printer-driver-brlaser	6-1build1
printer-driver-c2esp	27-6
printer-driver-foo2zjs	20171202dfsg0-4ubuntu0.1
printer-driver-foo2zjs-common	20171202dfsg0-4ubuntu0.1
printer-driver-hpcups	3.20.3+dfsg0-2
printer-driver-m2300w	0.51-14
printer-driver-min12xxw	0.0.9-11
printer-driver-pnm2ppa	1.13+nondbs-0ubuntu6
printer-driver-postscript-hp	3.20.3+dfsg0-2
printer-driver-ptouch	1.4.2-3
printer-driver-pxljr	1.4+repack0-5
printer-driver-sag-gdi	0.1-7
printer-driver-splix	2.0.0+svn315-7fakesync1ubuntu0.1
procps	2:3.3.16-1ubuntu2.4
proj-bin	6.3.1-1
proj-data	6.3.1-1
protobuf-compiler	3.6.1.3-2ubuntu5.2
psmisc	23.3-1
publicsuffix	20200303.0012-1
pulseaudio	1:13.99.1-1ubuntu3.13
pulseaudio-module-bluetooth	1:13.99.1-1ubuntu3.13
pulseaudio-utils	1:13.99.1-1ubuntu3.13
pyqt5-dev	5.14.1+dfsg-3build1
python-apt-common	2.0.1ubuntu0.20.04.1
python-matplotlib-data	3.1.2-1ubuntu4
python-pip-whl	20.0.2-5ubuntu1.11
python-pkg-resources	44.0.0-2ubuntu0.1
python2	2.7.17-2ubuntu4
python2-minimal	2.7.17-2ubuntu4
python2.7	2.7.18-1~20.04.7
python2.7-minimal	2.7.18-1~20.04.7
python3	3.8.2-0ubuntu2
python3-apport	2.20.11-0ubuntu27.26
python3-apt	2.0.1ubuntu0.20.04.1
python3-aptdaemon	1.1.1+bzr982-0ubuntu32.3
python3-aptdaemon.gtk3widgets	1.1.1+bzr982-0ubuntu32.3
python3-attr	19.3.0-2
python3-autobahn	17.10.1+dfsg1-6
python3-automat	0.8.0-1ubuntu1
python3-bcrypt	3.1.7-2ubuntu1
python3-blinker	1.4+dfsg1-0.3ubuntu1
python3-brlapi:amd64	6.0+dfsg-4ubuntu6
python3-bs4	4.8.2-1
python3-cairo:amd64	1.16.2-2ubuntu2
python3-catkin-pkg	1.0.0-100
python3-catkin-pkg-modules	1.0.0-1
python3-catkin-tools	0.9.2-1
python3-cbor	1.0.0-1.1build1
python3-certifi	2019.11.28-1
python3-cffi-backend	1.14.0-1build1
python3-chardet	3.0.4-4build1
python3-click	7.0-3
python3-colorama	0.4.3-1build1
python3-commandnotfound	20.04.6
python3-configobj	5.0.6-4
python3-constantly	15.1.0-1build1
python3-cryptography	2.8-3ubuntu0.3
python3-cups	1.9.73-3build1
python3-cupshelpers	1.5.12-0ubuntu1.1
python3-cycler	0.10.0-3
python3-dateutil	2.7.3-3ubuntu1
python3-dbus	1.2.16-1build1
python3-debconf	1.5.73
python3-debian	0.1.36ubuntu1
python3-decorator	4.4.2-0ubuntu1
python3-defer	1.0.6-2.1
python3-defusedxml	0.6.0-2
python3-dev	3.8.2-0ubuntu2
python3-distro	1.4.0-1
python3-distro-info	0.23ubuntu1
python3-distupgrade	1:20.04.41
python3-distutils	3.8.10-0ubuntu1~20.04
python3-docutils	0.16+dfsg-2
python3-empy	3.3.2-5.1
python3-entrypoints	0.3-2ubuntu1
python3-gdbm:amd64	3.8.10-0ubuntu1~20.04
python3-gi	3.36.0-1
python3-gi-cairo	3.36.0-1
python3-gnupg	0.4.5-2
python3-h11	0.9.0-1
python3-hamcrest	1.9.0-3
python3-html5lib	1.0.1-2
python3-httplib2	0.14.0-1ubuntu1
python3-hyperlink	19.0.0-1
python3-ibus-1.0	1.5.22-2ubuntu2.1
python3-idna	2.8-1
python3-importlib-metadata	1.5.0-1
python3-incremental	16.10.1-3.2
python3-jwt	1.7.1-2ubuntu2.1
python3-keyring	18.0.1-2ubuntu1
python3-kiwisolver	1.0.1-3build1
python3-launchpadlib	1.10.13-1
python3-lazr.restfulclient	0.14.2-2build1
python3-lazr.uri	1.0.3-4build1
python3-ldb	2:2.4.4-0ubuntu0.20.04.2
python3-lib2to3	3.8.10-0ubuntu1~20.04
python3-louis	3.12.0-3ubuntu0.2
python3-lxml:amd64	4.5.0-1ubuntu0.5
python3-lz4	3.0.2+dfsg-1build1
python3-macaroonbakery	1.3.1-1
python3-matplotlib	3.1.2-1ubuntu4
python3-minimal	3.8.2-0ubuntu2
python3-more-itertools	4.2.0-1build1
python3-mpi4py	3.0.3-4build2
python3-nacl	1.3.0-5
python3-netifaces	0.10.4-1ubuntu4
python3-nose	1.3.7-5
python3-numpy	1:1.17.4-5ubuntu3.1
python3-oauthlib	3.1.0-1ubuntu2
python3-olefile	0.46-2
python3-opencv	4.2.0+dfsg-5
python3-opengl	3.1.0+dfsg-2build1
python3-openssl	19.0.0-1build1
python3-osrf-pycommon	2.0.2-1
python3-paramiko	2.6.0-2ubuntu0.3
python3-pexpect	4.6.0-1build1
python3-pil:amd64	7.0.0-4ubuntu0.8
python3-pip	20.0.2-5ubuntu1.11
python3-pkg-resources	45.2.0-1ubuntu0.1
python3-png	0.0.20+ds-2
python3-problem-report	2.20.11-0ubuntu27.26
python3-protobuf	3.6.1.3-2ubuntu5.2
python3-psutil	5.5.1-1ubuntu4
python3-ptyprocess	0.6.0-1ubuntu1
python3-pyasn1	0.4.2-3build1
python3-pyasn1-modules	0.2.1-0.2build1
python3-pyassimp	5.0.1~ds0-1build1
python3-pyatspi	2.36.0-1
python3-pycryptodome	3.6.1-2build4
python3-pydot	1.4.1-3
python3-pygments	2.3.1+dfsg-1ubuntu2.2
python3-pykdl:amd64	1.4.0-7ubuntu1
python3-pymacaroons	0.13.0-3
python3-pyparsing	2.4.6-1
python3-pyqrcode	1.2.1-4
python3-pyqt5	5.14.1+dfsg-3build1
python3-pyqt5.qtopengl	5.14.1+dfsg-3build1
python3-pyqt5.qtsvg	5.14.1+dfsg-3build1
python3-pyqt5.qtwebkit	5.14.1+dfsg-3build1
python3-pyside2.qtcore	5.14.0-1~exp1ubuntu5
python3-pyside2.qtgui	5.14.0-1~exp1ubuntu5
python3-pyside2.qtsvg	5.14.0-1~exp1ubuntu5
python3-pyside2.qtwidgets	5.14.0-1~exp1ubuntu5
python3-renderpm:amd64	3.5.34-1ubuntu1.1
python3-reportlab	3.5.34-1ubuntu1.1
python3-reportlab-accel:amd64	3.5.34-1ubuntu1.1
python3-requests	2.22.0-2ubuntu1.1
python3-requests-unixsocket	0.2.0-2
python3-rfc3339	1.1-2
python3-roman	2.0.0-3build1
python3-rosdep	0.22.2-1
python3-rosdep-modules	0.22.2-1
python3-rosdistro-modules	0.9.0-1
python3-rospkg	1.5.0-100
python3-rospkg-modules	1.5.0-1
python3-scipy	1.3.3-3build1
python3-secretstorage	2.3.1-2ubuntu1
python3-service-identity	18.1.0-5build1
python3-setuptools	45.2.0-1ubuntu0.1
python3-simplejson	3.16.0-2ubuntu2
python3-sip	4.19.21+dfsg-1build1
python3-sip-dev	4.19.21+dfsg-1build1
python3-six	1.14.0-2
python3-snappy	0.5.3-1.1build1
python3-software-properties	0.99.9.12
python3-soupsieve	1.9.5+dfsg-1
python3-speechd	0.9.1-4
python3-systemd	234-3build2
python3-talloc:amd64	2.3.3-0ubuntu0.20.04.1
python3-tk:amd64	3.8.10-0ubuntu1~20.04
python3-trie	0.2+ds-2
python3-twisted	18.9.0-11ubuntu0.20.04.3
python3-twisted-bin:amd64	18.9.0-11ubuntu0.20.04.3
python3-txaio	2.10.0-2
python3-tz	2019.3-1ubuntu0.20.04.0
python3-u-msgpack	2.1-1build1
python3-ubjson	0.14.0-2build1
python3-update-manager	1:20.04.10.11
python3-urllib3	1.25.8-2ubuntu0.3
python3-uvicorn	0.11.3-1
python3-venv	3.8.2-0ubuntu2
python3-vtk7	7.1.1+dfsg2-2ubuntu1
python3-wadllib	1.3.3-3build1
python3-webencodings	0.5.1-1ubuntu1
python3-websockets	8.1-1
python3-wheel	0.34.2-1ubuntu0.1
python3-wsaccel	0.6.2-2build1
python3-wsproto	0.15.0-3
python3-xdg	0.26-1ubuntu1
python3-xkit	0.5.0ubuntu4
python3-yaml	5.3.1-1ubuntu0.1
python3-zipp	1.0.0-1
python3-zope.interface	4.7.1-1
python3.8	3.8.10-0ubuntu1~20.04.18
python3.8-dev	3.8.10-0ubuntu1~20.04.18
python3.8-minimal	3.8.10-0ubuntu1~20.04.18
python3.8-venv	3.8.10-0ubuntu1~20.04.18
qdoc-qt5	5.12.8-0ubuntu1
qhelpgenerator-qt5	5.12.8-0ubuntu1
qml-module-qtquick2:amd64	5.12.8-0ubuntu1
qt5-assistant	5.12.8-0ubuntu1
qt5-gtk-platformtheme:amd64	5.12.8+dfsg-0ubuntu2.1
qt5-qmake:amd64	5.12.8+dfsg-0ubuntu2.1
qt5-qmake-bin	5.12.8+dfsg-0ubuntu2.1
qt5-qmltooling-plugins:amd64	5.12.8-0ubuntu1
qtattributionsscanner-qt5	5.12.8-0ubuntu1
qtbase5-dev:amd64	5.12.8+dfsg-0ubuntu2.1
qtbase5-dev-tools	5.12.8+dfsg-0ubuntu2.1
qtchooser	66-2build1
qtdeclarative5-dev:amd64	5.12.8-0ubuntu1
qtdeclarative5-dev-tools	5.12.8-0ubuntu1
qttools5-dev:amd64	5.12.8-0ubuntu1
qttools5-dev-tools	5.12.8-0ubuntu1
qttools5-private-dev:amd64	5.12.8-0ubuntu1
qttranslations5-l10n	5.12.8-0ubuntu1
rake	13.0.1-4
readline-common	8.0-4
rfkill	2.34-0.1ubuntu9.6
ros-cmake-modules	0.5.0-1
ros-message-runtime:amd64	0.4.12-6
ros-noetic-actionlib	1.14.0-1focal.20230620.191724
ros-noetic-actionlib-msgs	1.13.1-1focal.20230620.182322
ros-noetic-actionlib-tutorials	0.2.0-1focal.20230620.192134
ros-noetic-amcl	1.17.3-1focal.20231013.190925
ros-noetic-angles	1.9.13-1focal.20210727.062146
ros-noetic-apriltag	3.2.0-1focal.20220317.004039
ros-noetic-apriltag-ros	3.2.1-3focal.20250520.010403
ros-noetic-assisted-teleop	0.4.1-1focal.20231013.192343
ros-noetic-base-local-planner	1.17.3-1focal.20231013.191743
ros-noetic-bond	1.8.6-1focal.20230620.182439
ros-noetic-bond-core	1.8.6-1focal.20230620.184858
ros-noetic-bondcpp	1.8.6-1focal.20230620.184141
ros-noetic-bondpy	1.8.6-1focal.20230620.184638
ros-noetic-camera-calibration	1.17.0-1focal.20230620.192537
ros-noetic-camera-calibration-parsers	1.12.0-1focal.20230620.191830
ros-noetic-camera-info-manager	1.12.0-1focal.20230620.192638
ros-noetic-carrot-planner	1.17.3-1focal.20231013.192333
ros-noetic-catkin	0.8.10-1focal.20210423.221558
ros-noetic-class-loader	0.5.0-1focal.20210423.224813
ros-noetic-clear-costmap-recovery	1.17.3-1focal.20231013.191914
ros-noetic-cmake-modules	0.5.0-1focal.20210423.224742
ros-noetic-common-msgs	1.13.1-1focal.20230620.191716
ros-noetic-common-tutorials	0.2.0-1focal.20240111.185654
ros-noetic-compressed-depth-image-transport	1.14.0-1focal.20230620.193440
ros-noetic-compressed-image-transport	1.14.0-1focal.20230620.193448
ros-noetic-control-msgs	1.5.2-1focal.20230620.183058
ros-noetic-control-toolbox	1.19.0-1focal.20230620.192718
ros-noetic-controller-interface	0.20.0-1focal.20231030.153718
ros-noetic-controller-manager	0.20.0-1focal.20231030.153846
ros-noetic-controller-manager-msgs	0.20.0-1focal.20231030.153559
ros-noetic-costmap-2d	1.17.3-1focal.20231013.190926
ros-noetic-cpp-common	0.7.3-1focal.20230620.180948
ros-noetic-cv-bridge	1.16.2-1focal.20230620.191830
ros-noetic-ddynamic-reconfigure	0.3.2-1focal.20230620.192501
ros-noetic-depth-image-proc	1.17.0-1focal.20240111.182319
ros-noetic-desktop	1.5.0-1focal.20240402.145136
ros-noetic-desktop-full	1.5.0-1focal.20240402.145422
ros-noetic-diagnostic-aggregator	1.11.0-1focal.20230620.185154
ros-noetic-diagnostic-analysis	1.11.0-1focal.20230620.190843
ros-noetic-diagnostic-common-diagnostics	1.11.0-1focal.20231013.193619
ros-noetic-diagnostic-msgs	1.13.1-1focal.20230620.182501
ros-noetic-diagnostic-updater	1.11.0-1focal.20230620.185506
ros-noetic-diagnostics	1.11.0-1focal.20231013.201017
ros-noetic-diff-drive-controller	0.21.2-1focal.20240402.143814
ros-noetic-dwa-local-planner	1.17.3-1focal.20231013.192337
ros-noetic-dynamic-reconfigure	1.7.3-1focal.20230620.191747
ros-noetic-effort-controllers	0.22.0-1focal.20250521.005323
ros-noetic-eigen-conversions	1.13.2-1focal.20230620.182729
ros-noetic-eigen-stl-containers	0.1.8-1focal.20250426.003637
ros-noetic-eigenpy	3.8.2-1focal.20250426.060140
ros-noetic-executive-smach	2.5.2-1focal.20230620.192425
ros-noetic-fake-localization	1.17.3-1focal.20231013.191000
ros-noetic-fcl	0.6.1-3focal.20250426.060139
ros-noetic-filters	1.9.2-1focal.20230620.185459
ros-noetic-forward-command-controller	0.21.2-1focal.20231030.154259
ros-noetic-gazebo-dev	2.9.2-1focal.20210423.224909
ros-noetic-gazebo-msgs	2.9.2-1focal.20230620.191337
ros-noetic-gazebo-plugins	2.9.2-1focal.20240111.182925
ros-noetic-gazebo-ros	2.9.2-1focal.20231013.193635
ros-noetic-gazebo-ros-control	2.9.2-1focal.20231030.154912
ros-noetic-gazebo-ros-pkgs	2.9.2-1focal.20240111.185854
ros-noetic-gencpp	0.7.0-1focal.20220926.180119
ros-noetic-geneus	3.0.0-1focal.20220926.180220
ros-noetic-genlisp	0.4.18-1focal.20220926.181742
ros-noetic-genmsg	0.6.0-1focal.20220926.175715
ros-noetic-gennodejs	2.0.2-1focal.20220926.182150
ros-noetic-genpy	0.6.15-1focal.20220926.182006
ros-noetic-geometric-shapes	0.7.7-1focal.20250426.232012
ros-noetic-geometry	1.13.2-1focal.20231013.195211
ros-noetic-geometry-msgs	1.13.1-1focal.20230620.182528
ros-noetic-geometry-tutorials	0.2.3-1focal.20231013.195537
ros-noetic-gl-dependency	1.1.2-1focal.20210423.224846
ros-noetic-global-planner	1.17.3-1focal.20231013.192945
ros-noetic-gmapping	1.4.2-1focal.20240111.184043
ros-noetic-goal-passer	0.4.1-1focal.20231013.195518
ros-noetic-graph-msgs	0.1.0-2focal.20250426.012429
ros-noetic-hardware-interface	0.20.0-1focal.20231030.153559
ros-noetic-image-common	1.12.0-1focal.20230620.193900
ros-noetic-image-geometry	1.16.2-1focal.20230620.191353
ros-noetic-image-pipeline	1.17.0-1focal.20240111.185348
ros-noetic-image-proc	1.17.0-1focal.20240111.183929
ros-noetic-image-publisher	1.17.0-1focal.20240111.183326
ros-noetic-image-rotate	1.17.0-1focal.20240111.183041
ros-noetic-image-transport	1.12.0-1focal.20230620.191833
ros-noetic-image-transport-plugins	1.14.0-1focal.20230620.194116
ros-noetic-image-view	1.17.0-1focal.20240111.183312
ros-noetic-interactive-marker-tutorials	0.11.0-1focal.20231013.193033
ros-noetic-interactive-markers	1.12.0-1focal.20231013.191210
ros-noetic-joint-limits-interface	0.20.0-1focal.20231030.153817
ros-noetic-joint-state-controller	0.21.2-1focal.20231030.154018
ros-noetic-joint-state-publisher	1.15.1-1focal.20230620.191426
ros-noetic-joint-state-publisher-gui	1.15.1-1focal.20230620.193630
ros-noetic-joint-trajectory-controller	0.22.0-1focal.20250521.005320
ros-noetic-joy	1.15.1-1focal.20250520.004901
ros-noetic-kdl-conversions	1.13.2-1focal.20230620.183503
ros-noetic-kdl-parser	1.14.2-1focal.20230620.185735
ros-noetic-laser-assembler	1.7.8-1focal.20231013.193007
ros-noetic-laser-filters	1.9.0-1focal.20240111.183731
ros-noetic-laser-geometry	1.6.7-1focal.20231013.190633
ros-noetic-laser-pipeline	1.6.4-1focal.20240111.185159
ros-noetic-librviz-tutorial	0.11.0-1focal.20231013.202528
ros-noetic-libuvc-camera	0.0.11-1focal.20240111.183329
ros-noetic-libuvc-ros	0.0.11-1focal.20240111.185131
ros-noetic-map-msgs	1.14.1-1focal.20230620.191502
ros-noetic-map-server	1.17.3-1focal.20231013.184843
ros-noetic-media-export	0.3.0-1focal.20210423.224833
ros-noetic-message-filters	1.16.0-1focal.20230620.185456
ros-noetic-message-generation	0.4.1-1focal.20220926.182301
ros-noetic-message-runtime	0.4.13-1focal.20230620.181946
ros-noetic-mk	1.15.8-1focal.20230620.183104
ros-noetic-move-base	1.17.3-1focal.20231013.192946
ros-noetic-move-base-msgs	1.14.1-1focal.20230620.183338
ros-noetic-move-slow-and-clear	1.17.3-1focal.20231013.195527
ros-noetic-moveit-commander	1.1.16-1focal.20250521.014903
ros-noetic-moveit-core	1.1.16-1focal.20250520.013113
ros-noetic-moveit-fake-controller-manager	1.1.16-1focal.20250521.010215
ros-noetic-moveit-kinematics	1.1.16-1focal.20250521.010234
ros-noetic-moveit-msgs	0.11.4-1focal.20250520.001550
ros-noetic-moveit-planners-ompl	1.1.16-1focal.20250521.004006
ros-noetic-moveit-ros-manipulation	1.1.16-1focal.20250521.012321
ros-noetic-moveit-ros-move-group	1.1.16-1focal.20250521.011238
ros-noetic-moveit-ros-occupancy-map-monitor	1.1.16-1focal.20250520.021521
ros-noetic-moveit-ros-perception	1.1.16-1focal.20250521.010237
ros-noetic-moveit-ros-planning	1.1.16-1focal.20250521.002027
ros-noetic-moveit-ros-planning-interface	1.1.16-1focal.20250521.013146
ros-noetic-moveit-ros-robot-interaction	1.1.16-1focal.20250521.010239
ros-noetic-moveit-ros-visualization	1.1.16-1focal.20250521.014323
ros-noetic-moveit-ros-warehouse	1.1.16-1focal.20250521.010250
ros-noetic-moveit-setup-assistant	1.1.16-1focal.20250521.021206
ros-noetic-moveit-simple-controller-manager	1.1.16-1focal.20250520.020056
ros-noetic-moveit-visual-tools	3.6.1-1focal.20250521.010258
ros-noetic-nav-2d-msgs	0.3.0-2focal.20230620.182747
ros-noetic-nav-2d-utils	0.3.0-2focal.20231013.191234
ros-noetic-nav-2d-utils-dbgsym	0.3.0-2focal.20231013.191234
ros-noetic-nav-core	1.17.3-1focal.20231013.191548
ros-noetic-nav-core-adapter	0.3.0-2focal.20231013.200338
ros-noetic-nav-core-adapter-dbgsym	0.3.0-2focal.20231013.200338
ros-noetic-nav-core2	0.3.0-2focal.20231013.185903
ros-noetic-nav-core2-dbgsym	0.3.0-2focal.20231013.185903
ros-noetic-nav-grid	0.3.0-2focal.20210727.062326
ros-noetic-nav-grid-iterators	0.3.0-2focal.20231013.195534
ros-noetic-nav-grid-iterators-dbgsym	0.3.0-2focal.20231013.195534
ros-noetic-nav-grid-pub-sub	0.3.0-2focal.20231013.195916
ros-noetic-nav-grid-pub-sub-dbgsym	0.3.0-2focal.20231013.195916
ros-noetic-nav-grid-server	0.3.0-2focal.20231013.200332
ros-noetic-nav-grid-server-dbgsym	0.3.0-2focal.20231013.200332
ros-noetic-nav-msgs	1.13.1-1focal.20230620.183440
ros-noetic-nav2d	0.4.3-1focal.20231013.200741
ros-noetic-nav2d-exploration	0.4.3-1focal.20231013.193252
ros-noetic-nav2d-exploration-dbgsym	0.4.3-1focal.20231013.193252
ros-noetic-nav2d-karto	0.4.3-1focal.20231013.192549
ros-noetic-nav2d-karto-dbgsym	0.4.3-1focal.20231013.192549
ros-noetic-nav2d-localizer	0.4.3-1focal.20231013.192325
ros-noetic-nav2d-localizer-dbgsym	0.4.3-1focal.20231013.192325
ros-noetic-nav2d-msgs	0.4.3-1focal.20230620.191511
ros-noetic-nav2d-navigator	0.4.3-1focal.20231013.192607
ros-noetic-nav2d-navigator-dbgsym	0.4.3-1focal.20231013.192607
ros-noetic-nav2d-operator	0.4.3-1focal.20231013.191540
ros-noetic-nav2d-operator-dbgsym	0.4.3-1focal.20231013.191540
ros-noetic-nav2d-remote	0.4.3-1focal.20231013.195924
ros-noetic-nav2d-remote-dbgsym	0.4.3-1focal.20231013.195924
ros-noetic-nav2d-tutorials	0.4.3-1focal.20231013.200712
ros-noetic-navfn	1.17.3-1focal.20231013.192334
ros-noetic-navfn-dbgsym	1.17.3-1focal.20231013.192334
ros-noetic-navigation	1.17.3-1focal.20231013.195837
ros-noetic-navigation-experimental	0.4.1-1focal.20231013.195737
ros-noetic-nodelet	1.11.0-2focal.20240111.182036
ros-noetic-nodelet-core	1.11.0-2focal.20240111.184236
ros-noetic-nodelet-topic-tools	1.11.0-2focal.20240111.183745
ros-noetic-nodelet-tutorial-math	0.2.0-1focal.20240111.184559
ros-noetic-object-recognition-msgs	0.4.2-1focal.20250520.000004
ros-noetic-octomap	1.9.8-1focal.20250426.005809
ros-noetic-octomap-msgs	0.3.5-1focal.20250426.012548
ros-noetic-ompl	1.6.0-1focal.20230117.010101
ros-noetic-openslam-gmapping	0.2.1-1focal.20210423.223427
ros-noetic-pcl-conversions	1.7.4-1focal.20230620.191735
ros-noetic-pcl-msgs	0.3.0-1focal.20230620.191536
ros-noetic-pcl-ros	1.7.4-1focal.20240111.184234
ros-noetic-perception	1.5.0-1focal.20240111.192019
ros-noetic-perception-pcl	1.7.4-1focal.20240111.191301
ros-noetic-pluginlib	1.13.0-1focal.20230620.183320
ros-noetic-pluginlib-tutorials	0.2.0-1focal.20230620.184047
ros-noetic-polled-camera	1.12.0-1focal.20230620.192954
ros-noetic-pose-base-controller	0.4.1-1focal.20231013.191331
ros-noetic-pose-follower	0.4.1-1focal.20231013.192343
ros-noetic-position-controllers	0.21.2-1focal.20231030.154645
ros-noetic-pybind11-catkin	2.10.3-2focal.20250426.004548
ros-noetic-python-qt-binding	0.4.4-1focal.20230620.183106
ros-noetic-qt-dotgraph	0.4.2-1focal.20230620.183422
ros-noetic-qt-gui	0.4.2-1focal.20230620.183431
ros-noetic-qt-gui-cpp	0.4.2-1focal.20230620.184439
ros-noetic-qt-gui-py-common	0.4.2-1focal.20230620.183435
ros-noetic-qwt-dependency	1.1.1-2focal.20211207.171737
ros-noetic-random-numbers	0.3.3-1focal.20250426.004112
ros-noetic-realtime-tools	1.16.1-1focal.20230620.192500
ros-noetic-resource-retriever	1.12.7-1focal.20230620.183322
ros-noetic-robot	1.5.0-1focal.20240402.144140
ros-noetic-robot-state-publisher	1.15.2-1focal.20231013.191350
ros-noetic-ros	1.15.8-1focal.20230620.183158
ros-noetic-ros-base	1.5.0-1focal.20240111.185459
ros-noetic-ros-comm	1.16.0-1focal.20230620.191441
ros-noetic-ros-core	1.5.0-1focal.20230620.191802
ros-noetic-ros-environment	1.3.2-1focal.20210423.222508
ros-noetic-ros-tutorials	0.10.2-1focal.20230620.185843
ros-noetic-rosbag	1.16.0-1focal.20230620.190422
ros-noetic-rosbag-migration-rule	1.0.1-1focal.20210423.224434
ros-noetic-rosbag-storage	1.16.0-1focal.20230620.185531
ros-noetic-rosbash	1.15.8-1focal.20210726.192129
ros-noetic-rosboost-cfg	1.15.8-1focal.20210726.192133
ros-noetic-rosbuild	1.15.8-1focal.20230620.182139
ros-noetic-rosclean	1.15.8-1focal.20210726.192137
ros-noetic-rosconsole	1.14.3-1focal.20230620.183055
ros-noetic-rosconsole-bridge	0.5.4-1focal.20230620.183324
ros-noetic-roscpp	1.16.0-1focal.20230620.183307
ros-noetic-roscpp-core	0.7.3-1focal.20230620.181838
ros-noetic-roscpp-serialization	0.7.3-1focal.20230620.181650
ros-noetic-roscpp-traits	0.7.3-1focal.20230620.181518
ros-noetic-roscpp-tutorials	0.10.2-1focal.20230620.184353
ros-noetic-roscreate	1.15.8-1focal.20210727.061658
ros-noetic-rosgraph	1.16.0-1focal.20230215.205201
ros-noetic-rosgraph-msgs	1.11.3-1focal.20230620.182955
ros-noetic-roslang	1.15.8-1focal.20220926.181908
ros-noetic-roslaunch	1.16.0-1focal.20230620.184457
ros-noetic-roslib	1.15.8-1focal.20210727.060939
ros-noetic-roslint	0.12.0-1focal.20210423.224843
ros-noetic-roslisp	1.9.25-1focal.20230620.183109
ros-noetic-roslz4	1.16.0-1focal.20230620.181304
ros-noetic-rosmake	1.15.8-1focal.20210726.192137
ros-noetic-rosmaster	1.16.0-1focal.20230215.205455
ros-noetic-rosmsg	1.16.0-1focal.20230620.190851
ros-noetic-rosnode	1.16.0-1focal.20230620.191127
ros-noetic-rosout	1.16.0-1focal.20230620.184317
ros-noetic-rospack	2.6.2-1focal.20210423.225024
ros-noetic-rosparam	1.16.0-1focal.20230215.205458
ros-noetic-rospy	1.16.0-1focal.20230620.184330
ros-noetic-rospy-tutorials	0.10.2-1focal.20230620.185611
ros-noetic-rosservice	1.16.0-1focal.20230620.191108
ros-noetic-rostest	1.16.0-1focal.20230620.184954
ros-noetic-rostime	0.7.3-1focal.20230620.181441
ros-noetic-rostopic	1.16.0-1focal.20230620.190928
ros-noetic-rosunit	1.15.8-1focal.20210727.061745
ros-noetic-roswtf	1.16.0-1focal.20230620.191202
ros-noetic-rotate-recovery	1.17.3-1focal.20231013.192340
ros-noetic-rqt-action	0.4.9-1focal.20231002.220459
ros-noetic-rqt-bag	0.5.1-1focal.20230620.191727
ros-noetic-rqt-bag-plugins	0.5.1-1focal.20230620.192832
ros-noetic-rqt-common-plugins	0.4.9-1focal.20240111.190530
ros-noetic-rqt-console	0.4.12-1focal.20231002.215930
ros-noetic-rqt-dep	0.4.12-1focal.20230620.191326
ros-noetic-rqt-graph	0.4.14-1focal.20230620.191233
ros-noetic-rqt-gui	0.5.3-1focal.20230620.184846
ros-noetic-rqt-gui-cpp	0.5.3-1focal.20240111.184959
ros-noetic-rqt-gui-py	0.5.3-1focal.20230620.185443
ros-noetic-rqt-image-view	0.4.17-1focal.20240111.185948
ros-noetic-rqt-launch	0.4.9-1focal.20231002.220159
ros-noetic-rqt-logger-level	0.4.12-1focal.20231002.215813
ros-noetic-rqt-moveit	0.5.11-1focal.20231002.215812
ros-noetic-rqt-msg	0.4.10-1focal.20231002.220218
ros-noetic-rqt-nav-view	0.5.7-1focal.20231013.194547
ros-noetic-rqt-plot	0.4.13-2focal.20230620.192759
ros-noetic-rqt-pose-view	0.5.11-1focal.20231013.194550
ros-noetic-rqt-publisher	0.4.10-1focal.20230620.192820
ros-noetic-rqt-py-common	0.5.3-1focal.20230620.192613
ros-noetic-rqt-py-console	0.4.10-1focal.20230620.185757
ros-noetic-rqt-reconfigure	0.5.5-1focal.20231002.220157
ros-noetic-rqt-robot-dashboard	0.5.8-1focal.20231013.201734
ros-noetic-rqt-robot-monitor	0.5.15-1focal.20231002.215816
ros-noetic-rqt-robot-plugins	0.5.8-1focal.20240111.190516
ros-noetic-rqt-robot-steering	0.5.12-1focal.20230620.191032
ros-noetic-rqt-runtime-monitor	0.5.10-1focal.20231002.215935
ros-noetic-rqt-rviz	0.7.0-1focal.20240111.185951
ros-noetic-rqt-service-caller	0.4.10-1focal.20230620.192925
ros-noetic-rqt-shell	0.4.11-1focal.20230620.185845
ros-noetic-rqt-srv	0.4.9-1focal.20231002.220529
ros-noetic-rqt-tf-tree	0.6.4-1focal.20231013.190032
ros-noetic-rqt-top	0.4.10-1focal.20230620.185804
ros-noetic-rqt-topic	0.4.13-1focal.20230620.191039
ros-noetic-rqt-web	0.4.10-1focal.20230620.185807
ros-noetic-ruckig	0.9.2-1focal.20230117.223017
ros-noetic-rviz	1.14.20-1focal.20231013.191634
ros-noetic-rviz-plugin-tutorials	0.11.0-1focal.20231013.202644
ros-noetic-rviz-python-tutorial	0.11.0-1focal.20231013.202648
ros-noetic-rviz-visual-tools	3.9.3-1focal.20250520.011505
ros-noetic-sbpl	1.3.1-3focal.20200617.184711
ros-noetic-sbpl-lattice-planner	0.4.1-1focal.20231013.191822
ros-noetic-sbpl-recovery	0.4.1-1focal.20231013.192650
ros-noetic-self-test	1.11.0-1focal.20230620.185737
ros-noetic-sensor-msgs	1.13.1-1focal.20230620.190926
ros-noetic-serial	1.2.1-1focal.20220104.154733
ros-noetic-shape-msgs	1.13.1-1focal.20230620.182841
ros-noetic-simulators	1.5.0-1focal.20240402.145137
ros-noetic-smach	2.5.2-1focal.20230620.181121
ros-noetic-smach-msgs	2.5.2-1focal.20230620.183024
ros-noetic-smach-ros	2.5.2-1focal.20230620.192300
ros-noetic-smclib	1.8.6-1focal.20210423.222332
ros-noetic-srdfdom	0.6.4-1focal.20250519.234426
ros-noetic-stage	4.3.0-1focal.20210423.222334
ros-noetic-stage-ros	1.8.0-1focal.20231013.194846
ros-noetic-std-msgs	0.5.13-1focal.20230620.182217
ros-noetic-std-srvs	1.11.3-1focal.20230620.182149
ros-noetic-stereo-image-proc	1.17.0-1focal.20240111.184703
ros-noetic-stereo-msgs	1.13.1-1focal.20230620.191634
ros-noetic-tf	1.13.2-1focal.20231013.190129
ros-noetic-tf-conversions	1.13.2-1focal.20231013.194854
ros-noetic-tf2	0.7.7-1focal.20231013.184703
ros-noetic-tf2-eigen	0.7.7-1focal.20231013.185259
ros-noetic-tf2-geometry-msgs	0.7.7-1focal.20231013.190041
ros-noetic-tf2-kdl	0.7.7-1focal.20231013.190101
ros-noetic-tf2-msgs	0.7.7-1focal.20231013.184042
ros-noetic-tf2-py	0.7.7-1focal.20231013.185259
ros-noetic-tf2-ros	0.7.7-1focal.20231013.185611
ros-noetic-tf2-sensor-msgs	0.7.7-1focal.20231013.190128
ros-noetic-theora-image-transport	1.14.0-1focal.20230620.192236
ros-noetic-topic-tools	1.16.0-1focal.20230620.185848
ros-noetic-trajectory-msgs	1.13.1-1focal.20230620.182838
ros-noetic-transmission-interface	0.20.0-1focal.20231030.154308
ros-noetic-turtle-actionlib	0.2.0-1focal.20230620.192136
ros-noetic-turtle-tf	0.2.3-1focal.20231013.194903
ros-noetic-turtle-tf2	0.2.3-1focal.20231013.190741
ros-noetic-turtlesim	0.10.2-1focal.20230620.184400
ros-noetic-twist-recovery	0.4.1-1focal.20231013.192403
ros-noetic-urdf	1.13.2-1focal.20230620.185459
ros-noetic-urdf-parser-plugin	1.13.2-1focal.20210423.224508
ros-noetic-urdf-sim-tutorial	0.5.1-1focal.20240402.144352
ros-noetic-urdf-tutorial	0.5.0-1focal.20240402.144135
ros-noetic-urdfdom-py	0.4.6-1focal.20250519.232530
ros-noetic-usb-cam	0.3.7-1focal.20250520.000847
ros-noetic-vision-opencv	1.16.2-1focal.20230620.193649
ros-noetic-visualization-marker-tutorials	0.11.0-1focal.20230620.184519
ros-noetic-visualization-msgs	1.13.1-1focal.20230620.182856
ros-noetic-visualization-tutorials	0.11.0-1focal.20231013.203128
ros-noetic-viz	1.5.0-1focal.20240111.190654
ros-noetic-voxel-grid	1.17.3-1focal.20230620.184526
ros-noetic-warehouse-ros	0.9.5-1focal.20250520.003523
ros-noetic-webkit-dependency	1.1.2-1focal.20210423.222615
ros-noetic-xacro	1.14.18-1focal.20240402.143115
ros-noetic-xmlrpcpp	1.16.0-1focal.20230620.181514
rsync	3.1.3-8ubuntu0.5
rsyslog	8.2001.0-1ubuntu1.3
rtkit	0.12-4
ruby	1:2.7+1
ruby-minitest	5.13.0-1
ruby-net-telnet	0.1.1-2
ruby-power-assert	1.1.7-1
ruby-test-unit	3.3.5-1
ruby-xmlrpc	0.3.0-2
ruby2.7	2.7.0-5ubuntu1.12
rubygems-integration	1.16
rustdesk	1.4.6
rygel	0.38.3-1ubuntu1
samba-libs:amd64	2:4.15.13+dfsg-0ubuntu0.20.04.7
sane-utils	1.0.29-0ubuntu5.2
sbcl	2:2.0.1-3
sbsigntool	0.9.2-2ubuntu1.1
screen-resolution-extra	0.18build1
sdformat9-sdf	9.8.0-1~focal
seahorse	3.36-1
secureboot-db	1.5
sed	4.7-1
sensible-utils	0.0.12+nmu1
session-migration	0.3.5
sgml-base	1.29.1
sgml-data	2.0.11
shared-mime-info	1.15-1
shiboken2	5.14.0-1~exp1ubuntu5
shim-signed	1.40.9+15.7-0ubuntu1
sip-dev	4.19.21+dfsg-1build1
smartmontools	7.1-1build1
snapd	2.58+20.04.1
software-properties-common	0.99.9.12
software-properties-gtk	0.99.9.12
sogoupinyin	4.2.1.145
sound-icons	0.1-7
sound-theme-freedesktop	0.8-2ubuntu1
speech-dispatcher	0.9.1-4
speech-dispatcher-audio-plugins:amd64	0.9.1-4
speech-dispatcher-espeak-ng	0.9.1-4
spice-vdagent	0.19.0-2ubuntu0.2
squashfs-tools	1:4.4-1ubuntu0.3
ssh-import-id	5.10-0ubuntu1
sshpass	1.06-1
ssl-cert	1.0.39
strace	5.5-3ubuntu1
stress	1.0.4-6
sudo	1.8.31-1ubuntu1.5
sunloginclient	15.2.0.63062
switcheroo-control	2.1-1
syslinux	3:6.04~git20190206.bf6db5b4+dfsg1-2
syslinux-common	3:6.04~git20190206.bf6db5b4+dfsg1-2
syslinux-utils	3:6.04~git20190206.bf6db5b4+dfsg1-2
system-config-printer	1.5.12-0ubuntu1.1
system-config-printer-common	1.5.12-0ubuntu1.1
system-config-printer-udev	1.5.12-0ubuntu1.1
systemback	1.8.9
systemback-cli	1.8.9
systemback-efiboot-amd64	1.8.9
systemback-locales	1.8.9
systemback-scheduler	1.8.9
systemd	245.4-4ubuntu3.20
systemd-sysv	245.4-4ubuntu3.20
systemd-timesyncd	245.4-4ubuntu3.20
sysvinit-utils	2.96-2.1ubuntu1
tango-icon-theme	0.8.90-7
tar	1.30+dfsg-7ubuntu0.20.04.4
tcl	8.6.9+1
tcl-dev:amd64	8.6.9+1
tcl-vtk7	7.1.1+dfsg2-2ubuntu1
tcl8.6	8.6.10+dfsg-1
tcl8.6-dev:amd64	8.6.10+dfsg-1
tcpdump	4.9.3-4ubuntu0.2
teamviewer	15.53.6
telnet	0.17-41.2build1
terminator	1.91-4ubuntu1
thermald	1.9.1-1ubuntu0.6
time	1.7-25.1build1
tk	8.6.9+1
tk-dev:amd64	8.6.9+1
tk8.6	8.6.10-1
tk8.6-blt2.5	2.5.3+dfsg-4
tk8.6-dev:amd64	8.6.10-1
tmux	3.0a-2ubuntu0.4
todesk	4.7.2.0
tpm-udev	0.4
tracker	2.3.6-0ubuntu1
tracker-extract	2.3.3-2ubuntu0.20.04.1
tracker-miner-fs	2.3.3-2ubuntu0.20.04.1
ttf-bitstream-vera	1.10-8
ttf-dejavu-core	2.37-1
ttf-ubuntu-font-family	1:0.83-4ubuntu1
tzdata	2024a-0ubuntu0.20.04
ubuntu-advantage-desktop-daemon	1.10~20.04.1
ubuntu-advantage-tools	27.13.6~20.04.1
ubuntu-desktop	1.450.2
ubuntu-desktop-minimal	1.450.2
ubuntu-docs	20.04.3
ubuntu-drivers-common	1:0.9.0~0.20.04.7
ubuntu-keyring	2020.02.11.4
ubuntu-minimal	1.450.2
ubuntu-mono	19.04-0ubuntu3
ubuntu-release-upgrader-core	1:20.04.41
ubuntu-release-upgrader-gtk	1:20.04.41
ubuntu-report	1.6.1ubuntu0.1
ubuntu-session	3.36.0-2ubuntu1
ubuntu-settings	20.04.6
ubuntu-standard	1.450.2
ubuntu-wallpapers	20.04.2-0ubuntu1
ubuntu-wallpapers-focal	20.04.2-0ubuntu1
ucf	3.0038+nmu1
udev	245.4-4ubuntu3.20
udisks2	2.8.4-1ubuntu2
ufw	0.36-6ubuntu1
unattended-upgrades	2.3ubuntu0.3
unixodbc-dev:amd64	2.3.6-0.1ubuntu0.1
unzip	6.0-25ubuntu1.1
update-inetd	4.50
update-manager	1:20.04.10.11
update-manager-core	1:20.04.10.11
update-notifier	3.192.30.16
update-notifier-common	3.192.30.16
upower	0.99.11-1build2
usb-modeswitch	2.5.2+repack0-2ubuntu3
usb-modeswitch-data	20191128-3
usb.ids	2020.03.19-1
usbmuxd	1.1.1~git20191130.9af2b12-1
usbutils	1:012-2
user-setup	1.63ubuntu6
util-linux	2.34-0.1ubuntu9.6
uuid-dev:amd64	2.34-0.1ubuntu9.6
uuid-runtime	2.34-0.1ubuntu9.6
uvicorn	0.11.3-1
v4l-utils	1.18.0-2build1
v4l2loopback-dkms	0.12.3-1ubuntu0.4
va-driver-all:amd64	2.7.0-2
vdpau-driver-all:amd64	1.3-1ubuntu2
vim	2:8.1.2269-1ubuntu5.22
vim-common	2:8.1.2269-1ubuntu5.22
vim-runtime	2:8.1.2269-1ubuntu5.22
vim-tiny	2:8.1.2269-1ubuntu5.22
vlc	3.0.9.2-1
vlc-bin	3.0.9.2-1
vlc-data	3.0.9.2-1
vlc-l10n	3.0.9.2-1
vlc-plugin-base:amd64	3.0.9.2-1
vlc-plugin-notify:amd64	3.0.9.2-1
vlc-plugin-qt:amd64	3.0.9.2-1
vlc-plugin-samba:amd64	3.0.9.2-1
vlc-plugin-skins2:amd64	3.0.9.2-1
vlc-plugin-video-output:amd64	3.0.9.2-1
vlc-plugin-video-splitter:amd64	3.0.9.2-1
vlc-plugin-visualization:amd64	3.0.9.2-1
vtk7	7.1.1+dfsg2-2ubuntu1
wamerican	2018.04.16-1
wbritish	2018.04.16-1
wget	1.20.3-1ubuntu2
whiptail	0.52.21-4ubuntu2
whoopsie	0.2.69ubuntu0.3
whoopsie-preferences	22
wireless-regdb	2022.06.06-0ubuntu1~20.04.1
wireless-tools	30~pre9-13ubuntu1
wpasupplicant	2:2.9-1ubuntu4.3
wps-office	11.1.0.11719
x11-apps	7.7+8
x11-common	1:7.7+19ubuntu14
x11-session-utils	7.7+4
x11-utils	7.7+5
x11-xkb-utils	7.7+5
x11-xserver-utils	7.7+8
x11proto-core-dev	2019.2-1ubuntu1
x11proto-dev	2019.2-1ubuntu1
x11proto-input-dev	2019.2-1ubuntu1
x11proto-randr-dev	2019.2-1ubuntu1
x11proto-scrnsaver-dev	2019.2-1ubuntu1
x11proto-xext-dev	2019.2-1ubuntu1
x11proto-xinerama-dev	2019.2-1ubuntu1
xauth	1:1.1-0ubuntu1
xbitmaps	1.1.1-2
xbrlapi	6.0+dfsg-4ubuntu6
xcursor-themes	1.0.6-0ubuntu1
xdg-dbus-proxy	0.1.2-1
xdg-desktop-portal	1.6.0-1ubuntu2
xdg-desktop-portal-gtk	1.6.0-1ubuntu1
xdg-user-dirs	0.17-2ubuntu1
xdg-user-dirs-gtk	0.10-3
xdg-utils	1.1.3-2ubuntu1.20.04.2
xfonts-base	1:1.0.5
xfonts-encodings	1:1.0.5-0ubuntu1
xfonts-scalable	1:1.0.3-1.1
xfonts-utils	1:7.7+6
xinit	1.4.1-0ubuntu2
xinput	1.6.3-1
xkb-data	2.29-2
xml-core	0.18+nmu1
xorg	1:7.7+19ubuntu14
xorg-docs-core	1:1.7.1-1.1
xorg-sgml-doctools	1:1.11-1
xorriso	1.5.2-1
xserver-common	2:1.20.13-1ubuntu1~20.04.17
xserver-xephyr	2:1.20.13-1ubuntu1~20.04.17
xserver-xorg	1:7.7+19ubuntu14
xserver-xorg-core	2:1.20.13-1ubuntu1~20.04.17
xserver-xorg-input-all	1:7.7+19ubuntu14
xserver-xorg-input-libinput	0.29.0-1
xserver-xorg-input-wacom	1:0.39.0-0ubuntu1
xserver-xorg-legacy	2:1.20.13-1ubuntu1~20.04.17
xserver-xorg-video-all	1:7.7+19ubuntu14
xserver-xorg-video-amdgpu	19.1.0-1ubuntu0.1
xserver-xorg-video-ati	1:19.1.0-1
xserver-xorg-video-fbdev	1:0.5.0-1ubuntu1
xserver-xorg-video-intel	2:2.99.917+git20200226-1
xserver-xorg-video-nouveau	1:1.0.16-1
xserver-xorg-video-nvidia-535	535.171.04-0ubuntu0.20.04.1
xserver-xorg-video-qxl	0.1.5+git20200331-1
xserver-xorg-video-radeon	1:19.1.0-1
xserver-xorg-video-vesa	1:2.4.0-2
xserver-xorg-video-vmware	1:13.3.0-3
xterm	353-1ubuntu1.20.04.2
xtrans-dev	1.4.0-1
xul-ext-ubufox	3.4-0ubuntu1.17.10.1
xwayland	2:1.20.13-1ubuntu1~20.04.17
xxd	2:8.1.2269-1ubuntu5.22
xz-utils	5.2.4-1ubuntu1.1
yaru-theme-gnome-shell	20.04.11.1
yaru-theme-gtk	20.04.11.1
yaru-theme-icon	20.04.11.1
yaru-theme-sound	20.04.11.1
yelp	3.36.2-0ubuntu1
yelp-xsl	3.36.0-1
zenity	3.32.0-5
zenity-common	3.32.0-5
zip	3.0-11build1
zlib1g:amd64	1:1.2.11.dfsg-2ubuntu1.5
zlib1g:i386	1:1.2.11.dfsg-2ubuntu1.5
zlib1g-dev:amd64	1:1.2.11.dfsg-2ubuntu1.5
